date,url,title,source
2026-09-02,https://hamusoku.com/archives/11035841.html,ワイ「キングダムの話したいなぁ…」敵「ワープ！ポケモン！李牧ゥ！」,ハムスター速報
2026-09-02,https://hamusoku.com/archives/11035797.html,【毎日ベトナム犯罪定期】大阪あべちか強盗殺人未遂事件のベトナム人　顔面公開される,ハムスター速報
2026-09-02,https://hamusoku.com/archives/11035815.html,【金持ち父さん 貧乏父さん】ロバート・キヨサキさん　貧乏倒産,ハムスター速報
2026-09-02,https://hamusoku.com/archives/11035842.html,安倍晋三元首相銃撃事件が映画化　菅田将暉が山上徹也被告役,ハムスター速報
2026-09-02,https://hamusoku.com/archives/11035786.html,猫が膝のうえに乗ってて動けないんやが,ハムスター速報
2026-09-02,https://hamusoku.com/archives/11035775.html,【イキリ高卒系学歴厨Youtuber】wakatte.TV「国公立最下位の福島大学に原子力研究触らせたくない」大炎上中,ハムスター速報
2026-09-02,https://hamusoku.com/archives/11035771.html,【教育ママ（笑）】板野友美で学ぶ『インターナショナルスクールに夢見て英語教育』した結果,ハムスター速報
2026-09-02,https://hamusoku.com/archives/11035759.html,【埼玉】モンペ「子供が友達と一緒に車の鍵盗んで事故って死んだンゴ！せや！！！」,ハムスター速報
2026-09-01,https://hamusoku.com/archives/11035619.html,東武鉄道4人死亡事故　ガチで意味がわからない,ハムスター速報
2026-09-01,https://hamusoku.com/archives/11035616.html,【沖縄知事選】玉城デニーの街頭演説に沖縄県民が怒りの声「高校生が死んでんだぞ。ちゃんと向き合え」←沖縄タイムスが激怒しダブスタ芸を披露,ハムスター速報
2026-09-01,https://hamusoku.com/archives/11033737.html,パソコン高騰しすぎやろ,ハムスター速報
2026-09-01,https://hamusoku.com/archives/11035525.html,ハンターハンター読んだことないんやけどこれって人生どんぐらい損してるんや？,ハムスター速報
2026-09-01,https://hamusoku.com/archives/11035521.html,今日から施行された『生活道路の法定速度30km/h』全国各地で混乱を招く　センターラインの管理者次第で制限速度が変わるバグも見つかる,ハムスター速報
2026-09-01,https://hamusoku.com/archives/11035478.html,新宿歌舞伎町で脱糞女子　見つかる,ハムスター速報
2026-09-01,https://hamusoku.com/archives/11035473.html,【令和の米騒動】昨年あれほど無かったはずのコメ　大量に出現し投げ売り始まる,ハムスター速報
2026-09-01,https://hamusoku.com/archives/11035460.html,【ただの犯罪者たち】ベトナム人技能実習生　Facebookで犯罪計画を共有し実行　銅線１０トン窃盗で逮捕されても何故か不起訴,ハムスター速報
2026-09-01,https://hamusoku.com/archives/11035449.html,【九州ふっこう応援割】宿泊費２倍に値上げして炎上中のシェラトン鹿児島←九州を代表するホテルチェーンAZ HOTEL「私共は365日いつでも同一価格でございます。」,ハムスター速報
2026-08-31,https://hamusoku.com/archives/11035242.html,マッチングアプリ完全終了　女性が簡単に１０００万円稼げる虚偽告訴美人局スキームが大流行し危険すぎると話題に,ハムスター速報
2026-08-31,https://hamusoku.com/archives/11035151.html,キャバクラ←何が楽しいのか不明なのに金だけ異様にかかる謎の空間　倒産ラッシュへ,ハムスター速報
2026-08-31,https://hamusoku.com/archives/11035147.html,【まどマギ】ワルプルギスの廻天　映画館がガチでヤバイと話題に,ハムスター速報
2026-08-31,https://hamusoku.com/archives/11035122.html,【外資】シェラトン鹿児島さん　九州ふっこう応援割に合わせて宿泊費を２倍に値上げ　税金チューチュー目的がバレて炎上中,ハムスター速報
2026-08-31,https://hamusoku.com/archives/11035129.html,【ちいかわ・くら寿司コラボ】くら寿司店員が当たり前のようにちいかわフィギュアを抜いてコンプセットとしてメルカリに大量出品,ハムスター速報
2026-08-31,https://hamusoku.com/archives/11033536.html,ワイ(31)年収350万円の資産みて,ハムスター速報
2026-08-31,https://hamusoku.com/archives/11035101.html,【日テレ２４時間テレビ】チャリティーマラソンを走った星野真里さん　モンペエピソードがクズすぎて炎上,ハムスター速報
2026-08-31,https://hamusoku.com/archives/11034601.html,美容整形バブル崩壊　高須幹弥「美容外科の需要増以上に医師の流入し価格競争が激化」,ハムスター速報
2026-08-30,https://hamusoku.com/archives/11034935.html,日テレ２４時間テレビでガチの放送事故　チャリティーマラソンに発達障害者が突撃「僕のような発達障害者を24時間テレビは取り上げませんが　これが僕の『できた！』です」,ハムスター速報
2026-08-30,https://hamusoku.com/archives/11032388.html,赤い封筒いっぱいきてる,ハムスター速報
2026-08-30,https://hamusoku.com/archives/11030266.html,納豆　美味すぎる,ハムスター速報
2026-08-30,https://hamusoku.com/archives/11034599.html,ペンギンのライブカメラに映った　まさかの光景ｗｗｗｗｗ,ハムスター速報
2026-08-30,https://hamusoku.com/archives/11029950.html,大人A「社会は厳しいぞ」大人B「社会は厳しい」大人C「社会は厳しい」←これ,ハムスター速報
2026-08-30,https://hamusoku.com/archives/11029532.html,シュレーディンガーの猫について話すスレ,ハムスター速報
2026-08-30,https://hamusoku.com/archives/11029527.html,丼物Tier表作ったｗｗｗｗ,ハムスター速報
2026-08-30,https://hamusoku.com/archives/11034540.html,中国共産党が『淫夢』を宗教団体に認定　野獣先輩が教祖化される　中国淫夢民「おっそうだな」,ハムスター速報
2026-08-30,https://hamusoku.com/archives/11034642.html,名古屋の治安ヤバい…外国人達に女性が担がれて拉致されたり路上での乱闘が当たり前に,ハムスター速報
2026-08-30,https://hamusoku.com/archives/11034606.html,【まどマギ】魔法少女まどか☆マギカ　ワルプルギスの廻天を見た結果,ハムスター速報
2026-08-29,https://hamusoku.com/archives/11034539.html,『超かぐや姫！おつかれさま本』夏コミで荒稼ぎして夏コミ企業ブースの高額出展料も回避するムーブがバレて炎上中,ハムスター速報
2026-08-29,https://hamusoku.com/archives/11034609.html,【黒歴史】公明党さん　中道改革連合を無かった事にする,ハムスター速報
2026-08-29,https://hamusoku.com/archives/11034537.html,何も更生せずに少年院を出て２日後に２１歳女性を殺害した１５歳の少年←こいつが後１０年ほどで社会に戻ってくる現実,ハムスター速報
2026-08-29,https://hamusoku.com/archives/11034534.html,転職者の半数が給与１割以上アップ　全職種で過去最高に,ハムスター速報
2026-08-29,https://hamusoku.com/archives/11034532.html,【１０秒２億円】中野ブロードウェイ時計強盗事件　外国人ボロ儲けのコスパが良すぎる強盗だと話題に,ハムスター速報
2026-08-29,https://hamusoku.com/archives/11034531.html,中国のダンス配信　投げ銭されると踊らなきゃいけない地獄ルールで草,ハムスター速報
2026-08-29,https://hamusoku.com/archives/11028546.html,彼女が出来てから毎日が輝き始めたんやが,ハムスター速報
2026-08-29,https://hamusoku.com/archives/11034511.html,自民党福岡県連に激怒した高市総裁　藏内勇夫の下僕達への公認証を出さないとリストラ通告　自民党福岡県連「え？公認もらえないんですか？」,ハムスター速報
2026-08-29,https://hamusoku.com/archives/11034496.html,セルフレジ万引き犯達　もやしパスという万引き技を編み出す,ハムスター速報
2026-08-29,https://hamusoku.com/archives/11034495.html,ヨドバシカメラ池袋店の連続脱糞犯　特定された可能性,ハムスター速報
2026-08-28,https://hamusoku.com/archives/11034219.html,【肛門ブレイキングダウン】麻布十番祭りで大量の食中毒を出したこめおの蟹ラーメンがヤバすぎる…被害者が大量に見つかる,ハムスター速報
2026-08-28,https://hamusoku.com/archives/11034211.html,【サンドウィッチマン】伊達みきおさん　脳梗塞,ハムスター速報
2026-08-28,https://hamusoku.com/archives/11034112.html,埼玉県警「居眠りしてたらオービス盗まれた！絶対に許さない！！！」,ハムスター速報
2026-08-28,https://hamusoku.com/archives/11034129.html,北海道大学のフッ化水素酸事故　ヤバすぎるやろ,ハムスター速報
2026-08-28,https://hamusoku.com/archives/11034110.html,石川・富山のレベル5大雨特別警報　現地が凄いことになってる・・・,ハムスター速報
2026-08-28,https://hamusoku.com/archives/11034119.html,VTuber業界　予想以上に厳しそう,ハムスター速報
2026-08-28,https://hamusoku.com/archives/11034108.html,エホバの証人　病院から無限に金が貰える仕組みを作り出す事に成功,ハムスター速報
2026-08-28,https://hamusoku.com/archives/11034093.html,【移民大好きそば屋】炎上中のゆで太郎のそば粉　中国産が混ぜられていた　外国人と日本人との給与格差データも見つかる,ハムスター速報
2026-08-28,https://hamusoku.com/archives/11034085.html,メルカリ　ヤバイ,ハムスター速報
2026-08-28,https://alfalfalfa.com/articles/11103381.html,【議論】コミケの「コスプレ写真集2000円」は高い？→レイヤーたちが明かした“ほぼ利益なし”の懐事情がこちら…,アルファルファモザイク
2026-08-28,https://alfalfalfa.com/articles/11103377.html,【炎上】超かぐや姫、大炎上,アルファルファモザイク
2026-08-28,https://alfalfalfa.com/articles/11103221.html,【検証】「移民受け入れ賛成」の家族に、実際に外国人を連れてきた結果ｗｗｗｗｗｗｗｗｗｗ【HotTweets】,アルファルファモザイク
2026-08-28,https://alfalfalfa.com/articles/11103373.html,【衝撃画像】大規模な氷河崩壊で谷全体が消失…ネパールと中国を結ぶラスワガディ国境が完全に破壊される,アルファルファモザイク
2026-08-28,https://alfalfalfa.com/articles/11103362.html,【朗報】『映画ちいかわ』公式ぬいぐるみ、受注生産が決定！→買い占めた転売ヤー、オリに入れてなんかずっとくらいとこｗｗｗｗｗｗ,アルファルファモザイク
2026-08-28,https://alfalfalfa.com/articles/11103322.html,【悲報】ビル・ゲイツ（70）「お前らマジでヤバいよ」,アルファルファモザイク
2026-08-28,https://alfalfalfa.com/articles/11103291.html,資本主義←これ冷静に考えたらおかしいよな,アルファルファモザイク
2026-08-28,https://alfalfalfa.com/articles/11101282.html,【怖すぎ】独身者が多数派になった日本で起きること…リアルすぎる未来予測に「もう始まってる」,アルファルファモザイク
2026-08-28,https://alfalfalfa.com/articles/11103225.html,【悲報】プラグスーツ、ガチで汗が溜まる構造だったｗｗｗｗｗ【Pickup28082506】,アルファルファモザイク
2026-08-28,https://alfalfalfa.com/articles/11103380.html,【悲報】『まどマギ』新作を観たファン、「こんな内容のために13年も待たされたのか」と怒りが勝ってしまう…,アルファルファモザイク
2026-08-28,https://alfalfalfa.com/articles/11103145.html,【画像】フジテレビが2014年に公開した「謹賀新年ポスター」、令和のコンプラでは完全アウトすぎるｗｗｗｗｗｗｗｗｗｗ,アルファルファモザイク
2026-08-28,https://alfalfalfa.com/articles/11103256.html,【画像】女性声優さん、移民の肩を持つようなポストをして炎上,アルファルファモザイク
2026-08-28,https://alfalfalfa.com/articles/11103226.html,【朗報】相撲部の女子マネージャーJK（16）、可愛い😍【Pickup28082509】,アルファルファモザイク
2026-08-28,https://alfalfalfa.com/articles/11103268.html,【物議】生徒2人死亡の転覆事故を受け、同志社国際高校が今年度の沖縄研修旅行を中止へ→「再開が前提だったのか」と疑問の声…,アルファルファモザイク
2026-08-28,https://alfalfalfa.com/articles/11103258.html,【画像】暴行で亡くなった刹那（17）へのお供え物ｗｗｗｗｗｗｗｗｗｗｗｗｗｗｗｗｗｗ,アルファルファモザイク
2026-08-28,https://alfalfalfa.com/articles/11103264.html,【物議】「近親婚を遺伝リスクで禁止するなら、遺伝性障害のある人の出産も禁止すべきでは？」過激な主張に大議論…,アルファルファモザイク
2026-08-28,https://alfalfalfa.com/articles/11103133.html,【悲報】中川家・礼二さん(54)、やせたかなしい姿になる・・・,アルファルファモザイク
2026-08-28,https://alfalfalfa.com/articles/11103227.html,【画像】仙台育英のマネージャーwwwwwwwwwwwwwwwwwww【Pickup28082512】,アルファルファモザイク
2026-08-28,https://alfalfalfa.com/articles/11101219.html,【動画】オンラインUFOキャッチャーのアシスト機能、一線を越える,アルファルファモザイク
2026-08-28,https://alfalfalfa.com/articles/11102260.html,【悲報】ワンピースのイム様、使い魔の一匹だったwwwwwwwwwwwwwwwwwww,アルファルファモザイク
2026-08-28,https://alfalfalfa.com/articles/11102515.html,【悲報】陰キャさん教室が大盛り上がりなのに独り下を向いてスマホをやり続けてしまう,アルファルファモザイク
2026-08-28,https://alfalfalfa.com/articles/11102909.html,【画像】寿司屋を満喫する東欧美女、これほんとに無添加かと話題にｗｗｗｗｗｗｗｗ【Pickup27084634】,アルファルファモザイク
2026-08-28,https://alfalfalfa.com/articles/11103149.html,【物議】車系YouTuberあま猫、日産ディーラーから「今後一切GT-Rの入庫を受け付けない」と通告されたと告白→過去の“コンプラ違反告発”が原因か…,アルファルファモザイク
2026-08-28,https://alfalfalfa.com/articles/11103255.html,【炎上】登録者58万人YouTuber「雨来ズ。」そうた、六本木のバーで泥酔し女性にセクハラ疑惑→“お持ち帰り”できず土下座か…,アルファルファモザイク
2026-08-28,https://alfalfalfa.com/articles/11103252.html,【動画】タイのおじさん、とんでもない発想の“新型扇風機”を開発してしまうｗｗｗｗｗｗｗｗｗｗ,アルファルファモザイク
2026-08-28,https://alfalfalfa.com/articles/11102008.html,【動画】ホテルのエスカレーターに軽い気持ちで乗った結果、一生頂上に着かない“要塞仕様”で遭難しかけるｗｗｗｗｗｗｗｗｗｗ,アルファルファモザイク
2026-08-28,https://alfalfalfa.com/articles/11102900.html,【画像】商業高校に入った男子の末路ｗｗｗｗｗｗｗｗｗｗｗｗｗｗｗｗ【Pickup27084529】,アルファルファモザイク
2026-08-28,https://alfalfalfa.com/articles/11103248.html,【議論】「国会議員の給与を国民の給与中央値に連動させればよくない？」→分かりやすい提案に賛否巻き起こる…,アルファルファモザイク
2026-08-28,https://alfalfalfa.com/articles/11103135.html,【画像】仲間由紀恵さんの最新ショットにネット騒然→「雰囲気変わった？」「貫禄がすごい」と注目集まる…,アルファルファモザイク
2026-08-28,https://ikuzi2p.livedoor.blog/archives/11103407.html,ポケモンの世界最大の謎、なぜか人間が世界を支配してる,育児板拾い読み＠2ch
2026-08-28,https://ikuzi2p.livedoor.blog/archives/11103408.html,ぶっちゃけ年収ってどんくらいあれば不自由しないんや？,育児板拾い読み＠2ch
2026-08-28,https://ikuzi2p.livedoor.blog/archives/11103393.html,ビジネスホテルの朝食バイキング選手権,育児板拾い読み＠2ch
2026-08-28,https://ikuzi2p.livedoor.blog/archives/11103397.html,敵「麻雀やろう」ワイ「ルール教えて」,育児板拾い読み＠2ch
2026-08-28,https://ikuzi2p.livedoor.blog/archives/11103391.html,ワイ、宿題が終わらなくて泣きわめく😭,育児板拾い読み＠2ch
2026-08-28,https://ikuzi2p.livedoor.blog/archives/11103392.html,人生で一番影響を受けた作品教えて,育児板拾い読み＠2ch
2026-08-28,https://ikuzi2p.livedoor.blog/archives/11103079.html,【芸能】ブルース・ウィリス、認知症により「ハリウッド俳優だったことも忘れる」　妻も見逃した初期のサイン、40代から増える「FTD」,育児板拾い読み＠2ch
2026-08-28,https://ikuzi2p.livedoor.blog/archives/11103405.html,ファミマ、店員がヒジャブ着用可に　黄緑色の派手髪もOKに,育児板拾い読み＠2ch
2026-08-28,https://itainews.com/archives/2066596.html,「外国人の安全・安心を奪う」　永住許可要件厳格化、撤回求める,痛いニュース(ﾉ∀`)
2026-08-28,https://itainews.com/archives/2066582.html,「コメ価格にコミットしない」はずの鈴木農水相「稲刈りが始まる前に備蓄米を買い戻したい」…コメ余りでも「米価は絶対に下げたくない」,痛いニュース(ﾉ∀`)
2026-08-28,https://itainews.com/archives/2066589.html,【鉄道】「モラルがない」寝台特急サンライズ瀬戸・出雲で“転売ヤー”に異例の警告　カードが7倍超、JR西日本「法的措置」も,痛いニュース(ﾉ∀`)
2026-08-28,https://itainews.com/archives/2066587.html,女の子「好きだよと言われるたびに『でも割り勘なんだよな...』と頭によぎって萎える」女性から大絶賛,痛いニュース(ﾉ∀`)
2026-08-28,https://itainews.com/archives/2066586.html,東京発クアラルンプール着の航空機から死後72時間以上経過した男性遺体,痛いニュース(ﾉ∀`)
2026-08-28,https://itainews.com/archives/2066580.html,【海外】《他人の子の頭をなでると“不審者”？》女児の頭なでた73歳男性がブッ飛ばされ骨折…防カメ映像拡散で大論争に,痛いニュース(ﾉ∀`)
2026-08-28,https://itainews.com/archives/2066578.html,立憲民主「中道への合流見送ります」　→ 公明「は？」,痛いニュース(ﾉ∀`)
2026-08-28,https://itainews.com/archives/2066575.html,同志社国際高、今年度の沖縄研修旅行を中止する方向で調整中,痛いニュース(ﾉ∀`)
2026-08-28,https://itainews.com/archives/2066585.html,沖縄県知事選、SNSで過熱する“公職選挙法違反の指摘合戦”　政策論争より目立つ異例の展開,痛いニュース(ﾉ∀`)
2026-08-28,https://itainews.com/archives/2066574.html,【埼玉】中国籍のタクシー運転手を逮捕　降車した女性客を追いかけ、集合住宅でわいせつ行為か,痛いニュース(ﾉ∀`)
2026-08-28,https://itainews.com/archives/2066573.html,世田谷ストーカー殺人事件裁判「『オッパオッパ』と悲鳴が」被告人と対峙した被害者の元夫が悲痛の訴え,痛いニュース(ﾉ∀`)
2026-08-28,https://news4vip.livedoor.biz/archives/52588394.html,昭和の日本人「団地を作ったで！ひばりが丘、ひばりヶ丘、ひばりケ丘（ひばりがおか）と名付けよう！」,ニュー速クオリティ
2026-08-28,https://news4vip.livedoor.biz/archives/52587838.html,【画像】日本、パンの次は大量のモバイルバッテリーが不法投棄されるwwwww,ニュー速クオリティ
2026-08-28,https://news4vip.livedoor.biz/archives/52588392.html,ダウンタウン関係者「映画監督松本人志は『これやれば100%当たる』を分かっていたがあえて避けた」,ニュー速クオリティ
2026-08-28,https://news4vip.livedoor.biz/archives/52587696.html,"【画像】関空のラーメン、5,000円ｗｗｗｗｗｗ",ニュー速クオリティ
2026-08-28,https://news4vip.livedoor.biz/archives/52588391.html,2007年の東大入試の世界史の問題、難しすぎるｗｗｗｗｗｗ,ニュー速クオリティ
2026-08-28,https://hamusoku.com/archives/11034219.html,【肛門ブレイキングダウン】麻布十番祭りで大量の食中毒を出したこめおの蟹ラーメンがヤバすぎる…被害者が大量に見つかる,ハムスター速報
2026-08-28,https://hamusoku.com/archives/11034211.html,【サンドウィッチマン】伊達みきおさん　脳梗塞,ハムスター速報
2026-08-28,https://hamusoku.com/archives/11034112.html,埼玉県警「居眠りしてたらオービス盗まれた！絶対に許さない！！！」,ハムスター速報
2026-08-28,https://hamusoku.com/archives/11034129.html,北海道大学のフッ化水素酸事故　ヤバすぎるやろ,ハムスター速報
2026-08-28,https://hamusoku.com/archives/11034110.html,石川・富山のレベル5大雨特別警報　現地が凄いことになってる・・・,ハムスター速報
2026-08-28,https://hamusoku.com/archives/11034119.html,VTuber業界　予想以上に厳しそう,ハムスター速報
2026-08-28,https://hamusoku.com/archives/11034108.html,エホバの証人　病院から無限に金が貰える仕組みを作り出す事に成功,ハムスター速報
2026-08-28,https://hamusoku.com/archives/11034093.html,【移民大好きそば屋】炎上中のゆで太郎のそば粉　中国産が混ぜられていた　外国人と日本人との給与格差データも見つかる,ハムスター速報
2026-08-28,https://hamusoku.com/archives/11034085.html,メルカリ　ヤバイ,ハムスター速報
2026-08-28,https://hamusoku.com/archives/11033533.html,【朗報】シソ　うまい,ハムスター速報
2026-08-27,https://alfalfalfa.com/articles/11103116.html,【悲報】フジテレビさん、墓場から死体を掘り起こしまくる,アルファルファモザイク
2026-08-27,https://alfalfalfa.com/articles/11103108.html,沖縄県知事候補の古謝さん、過去の沖縄県民に「国や誰かのせいにしても沖縄は何も変わらない」,アルファルファモザイク
2026-08-27,https://alfalfalfa.com/articles/11102917.html,【移民推進そば屋】ゆで太郎社長「外国人は真面目。日本人は現場で働きたがらない」←日本人　ゆで太郎ボイコット【HotTweets】,アルファルファモザイク
2026-08-27,https://alfalfalfa.com/articles/11103100.html,立憲民主「中道への合流見送ります」　→ 公明「は？」,アルファルファモザイク
2026-08-27,https://alfalfalfa.com/articles/11103086.html,【超画像】麻辣湯(マーラータン)の店、増えすぎてヤバいwwwwwwww,アルファルファモザイク
2026-08-27,https://alfalfalfa.com/articles/11102910.html,【悲報】地上波さん、人気女子アナにとんでもない格好をさせてしまう【Pickup27084637】,アルファルファモザイク
2026-08-27,https://alfalfalfa.com/articles/11103068.html,生活道路「来月から法定速度が60キロから30キロになります、60キロで走っなら一発免停です」,アルファルファモザイク
2026-08-27,https://alfalfalfa.com/articles/11103063.html,志らく、女優を「俳優」と呼ぶことに反対姿勢明かす「女優がいけなければ女もいけないってことになる」「くだらない」,アルファルファモザイク
2026-08-27,https://alfalfalfa.com/articles/11103053.html,【悲報】マンション11階から飛び降りた男、下で歩道を歩いていた女性を死なす　重過失致死で逮捕,アルファルファモザイク
2026-08-27,https://alfalfalfa.com/articles/11103048.html,【悲報】北海道大で大学院生が猛毒の「フッ化水素酸」を浴び死亡,アルファルファモザイク
2026-08-27,https://alfalfalfa.com/articles/11102559.html,【緊急画像】カジサック梶原雄太の長女（14）、圧倒的ｗｗｗｗｗｗｗｗｗｗｗｗｗ【Pickup26092104】,アルファルファモザイク
2026-08-27,https://alfalfalfa.com/articles/11103002.html,【悲報】石川・富山豪雨、千年に一度級の災害だった…,アルファルファモザイク
2026-08-27,https://alfalfalfa.com/articles/11102994.html,【悲報】ビル・ゲイツ（70）「お前らマジでヤバいよ」,アルファルファモザイク
2026-08-27,https://alfalfalfa.com/articles/11102984.html,【悲報】クールジャパンの出資先リストが判明！案の定みんなの想像通りだったｗｗｗｗｗｗｗｗｗ,アルファルファモザイク
2026-08-27,https://alfalfalfa.com/articles/11102554.html,【動画】沖縄チバリヨJK、レベチｗｗｗｗｗ【Pickup26092047】,アルファルファモザイク
2026-08-27,https://alfalfalfa.com/articles/11102970.html,【画像】女さん「男はあらかじめプログラムされていたかのように突然チャーハンに凝り出す」,アルファルファモザイク
2026-08-27,https://alfalfalfa.com/articles/11102964.html,ブラック・ラグーン作者、漫画読者に苦言を呈す…「もはや君はブラック・ラグーンを読むべきではない」,アルファルファモザイク
2026-08-27,https://alfalfalfa.com/articles/11102555.html,【悲報】アスリートがアニメポーズをしただけで、SNSが面倒くさいことになる【Pickup26092049】,アルファルファモザイク
2026-08-27,https://alfalfalfa.com/articles/11102952.html,【悲報】職場にいる自称やさしいチー牛さん、優しいとは真逆で嫌われまくるｗｗｗｗｗｗｗｗｗｗ,アルファルファモザイク
2026-08-27,https://alfalfalfa.com/articles/11102949.html,【画像】講談社「次のみいちゃんを目撃せよ。」,アルファルファモザイク
2026-08-27,https://alfalfalfa.com/articles/11102913.html,【衝撃】兎田ぺこらへの投稿を巡り、男性が「訴えられた」と報告→「絵に訴えられた」「和解しない」と徹底抗戦を宣言…,アルファルファモザイク
2026-08-27,https://alfalfalfa.com/articles/11102916.html,【泥沼】ヒロシさんの「焚き火台」騒動、メーカー『笑’s』が被害届提出へ→「1週間以上待ったが連絡がない」「風評被害を受けている」…,アルファルファモザイク
2026-08-27,https://alfalfalfa.com/articles/11102556.html,【画像】海外女コスプレイヤーさん、スタイルの良さで日本人を圧倒してしまう【Pickup26092054】,アルファルファモザイク
2026-08-27,https://alfalfalfa.com/articles/11102681.html,【動画】車列の隙間から“ノールック横断”した歩行者、トラックと接触→「これで運転手が悪くなるの？」と物議に…,アルファルファモザイク
2026-08-27,https://alfalfalfa.com/articles/11102877.html,【悲報】ネットで話題の「みいちゃん系男子」、想像以上にヤバすぎると騒然,アルファルファモザイク
2026-08-27,https://alfalfalfa.com/articles/11102718.html,【動画】走行中のバイクに空から“何か”が直撃→何度見返しても状況が理解できない事故がこちら…,アルファルファモザイク
2026-08-27,https://alfalfalfa.com/articles/11102869.html,【持論】ひろゆき氏「たばこを吸う人は成功しやすい」　→こういうことだった,アルファルファモザイク
2026-08-27,https://alfalfalfa.com/articles/11102557.html,【動画】堀北真希のメイド　←くっそかわいいと話題にｗｗｗ【Pickup26092057】,アルファルファモザイク
2026-08-27,https://ikuzi2p.livedoor.blog/archives/11103080.html,どこまでAIロボが人間の仕事の領域へ入ってくると思う？,育児板拾い読み＠2ch
2026-08-27,https://ikuzi2p.livedoor.blog/archives/11103082.html,40代になると「あっ！ワイって死ぬんやな」って思うよな,育児板拾い読み＠2ch
2026-08-27,https://ikuzi2p.livedoor.blog/archives/11103077.html,テレビ視聴ワイ「⋯。」ヨッメ「それいつの？」,育児板拾い読み＠2ch
2026-08-27,https://ikuzi2p.livedoor.blog/archives/11103075.html,悩みがスッと消えた思考法ある？,育児板拾い読み＠2ch
2026-08-27,https://ikuzi2p.livedoor.blog/archives/11103074.html,株価「ワイくん買ったん？下げるで😁」株価「ワイくん売ったん？上げるで😁」,育児板拾い読み＠2ch
2026-08-27,https://ikuzi2p.livedoor.blog/archives/11103073.html,【悲報】24時間テレビさん、全く話題にならない,育児板拾い読み＠2ch
2026-08-27,https://itainews.com/archives/2066551.html,こめおが麻布十番まつりで販売した蟹ラーメンをめぐり、体調不良の報告がSNSで相次ぐ　港区保健所が調査,痛いニュース(ﾉ∀`)
2026-08-27,https://itainews.com/archives/2066548.html,【競馬】JRA・橋木太希騎手が引退…　重大な非行があったため、1年間の騎乗停止中　本人が騎手免許取り消し申請,痛いニュース(ﾉ∀`)
2026-08-27,https://itainews.com/archives/2066550.html,「段ボールのプレス機に挟まれた」産廃処理場で事故　40代の男性死亡　北海道小樽市,痛いニュース(ﾉ∀`)
2026-08-27,https://itainews.com/archives/2066545.html,中国のスーパーのバラ米売り場で米を奪い合う中国人達の姿が猿未満だと話題に,痛いニュース(ﾉ∀`)
2026-08-27,https://itainews.com/archives/2066542.html,一発免停も…9月1日から生活道路60キロ⇒30キロへ,痛いニュース(ﾉ∀`)
2026-08-27,https://itainews.com/archives/2066539.html,【ブラジル】38歳女性、12歳少女を装い14カ月　「養子」家族を欺き有罪,痛いニュース(ﾉ∀`)
2026-08-27,https://itainews.com/archives/2066544.html,「インドネシアより給料７倍」鹿児島の外国人労働者が10年で４倍に　人口150万人割れの地方を支える現実,痛いニュース(ﾉ∀`)
2026-08-27,https://itainews.com/archives/2066537.html,50歳無職女、娘と別れた男子中学生に数千件の脅迫メール 「君が幸せになるのは許せない」 北海道,痛いニュース(ﾉ∀`)
2026-08-27,https://itainews.com/archives/2066536.html,ICC赤根所長「できる限り抵抗する」　米制裁でクレカは使用不可に,痛いニュース(ﾉ∀`)
2026-08-27,https://itainews.com/archives/2066538.html,「炊き出しの豚汁にイスラム教徒が苦情」…日本でまた災害に乗じた「外国人攻撃」,痛いニュース(ﾉ∀`)
2026-08-27,https://itainews.com/archives/2066535.html,【東武事故】「列車見張り員」が特急に緊急停止を求める赤い旗を振らず…中継役も不在,痛いニュース(ﾉ∀`)
2026-08-27,https://itainews.com/archives/2066528.html,ヒロシとトラブルのアウトドア用品メーカー　風評被害を告白「被害届を出す事になりました」,痛いニュース(ﾉ∀`)
2026-08-27,https://news4vip.livedoor.biz/archives/52588315.html,AIってそんなに凄いか？ググってる方がまともな情報見つけられる気がする・・・,ニュー速クオリティ
2026-08-27,https://news4vip.livedoor.biz/archives/52587739.html,【画像】叙々苑のメニュー、凄すぎるｗｗｗｗｗ,ニュー速クオリティ
2026-08-27,https://news4vip.livedoor.biz/archives/52588313.html,【画像】ハーランドの走り方ｗｗｗｗｗｗｗ,ニュー速クオリティ
2026-08-27,https://news4vip.livedoor.biz/archives/52588311.html,【画像】イケメン男性「40歳に見えないってよく言われる」パシャッ,ニュー速クオリティ
2026-08-27,https://hamusoku.com/archives/11033840.html,鬱病の薬ビフォーアフター「鬱の薬って、1年でこれがこうなるから怖いよね」ビフォーアフター画像が大量に投稿される,ハムスター速報
2026-08-27,https://hamusoku.com/archives/11033456.html,【徹底解明】緑なだぎとは一体なんだったのか,ハムスター速報
2026-08-27,https://hamusoku.com/archives/11033209.html,医者ワイの月平均労働時間ｗｗｗｗｗｗｗｗｗｗ,ハムスター速報
2026-08-27,https://hamusoku.com/archives/11033749.html,外国人移民を自宅に受け入ると宣言した家族が居たので、実際に移民を連れてきた結果ｗｗｗｗｗｗｗｗ,ハムスター速報
2026-08-27,https://hamusoku.com/archives/11033450.html,NHK「契約してください！」ワイ「テレビ無いよ！」NHK「家の中確認していい？」,ハムスター速報
2026-08-27,https://hamusoku.com/archives/11033732.html,【メンズコーチジョージ】男磨きハウスの終わり方　まさかのワンピースと同じ正体だった,ハムスター速報
2026-08-27,https://hamusoku.com/archives/11033530.html,焼きそばに入れたらうまいもの選手権,ハムスター速報
2026-08-27,https://hamusoku.com/archives/11029929.html,ワイがガチで会社を辞めさせられそうになっている件,ハムスター速報
2026-08-27,https://hamusoku.com/archives/11033528.html,堀大輔のショートスリーパー塾入ってるけど,ハムスター速報
2026-08-25,https://hamusoku.com/archives/11033302.html,【FRUITS ZIPPER】櫻井優衣さんのグラビア水着写真集　編集前の謎の線が入り話題に,ハムスター速報
2026-08-25,https://hamusoku.com/archives/11033293.html,クルド人「赤信号を無視して日本人をひき殺した事故の原因は、日本人によるクルド人差別を考えていたからです」,ハムスター速報
2026-08-25,https://hamusoku.com/archives/11032890.html,ワンピースで一番萎えた後付けは「ウタ」　お前らは？,ハムスター速報
2026-08-25,https://hamusoku.com/archives/11033264.html,人間のクズが集まるNPO法人　また補助金不正が見つかり東京都が返還請求するも逃げ切りに成功　NPO法人なら窃盗やり放題,ハムスター速報
2026-08-25,https://hamusoku.com/archives/11033207.html,ディズニーがガチすぎる値上げを開始　主要アトラクションのほぼ全てが有料DPA化　DPA価格の値上げと無料プライオリティパス廃止,ハムスター速報
2026-08-25,https://hamusoku.com/archives/11032899.html,ノルウェーの物価　ヤバすぎて草,ハムスター速報
2026-08-25,https://hamusoku.com/archives/11028805.html,スポーツ系の漫画とか見れないんやが,ハムスター速報
2026-08-25,https://hamusoku.com/archives/11033180.html,ゆで太郎社長　外国人移民をもっと入れろと主張して大炎上中「日本人だけでは社会が持たない」,ハムスター速報
2026-08-25,https://hamusoku.com/archives/11031024.html,ネット「揖保乃糸食べると他のそうめん食えなくなる」ワイ「食ったろ……！？」,ハムスター速報
2026-08-25,https://hamusoku.com/archives/11032888.html,テレビさん　悲しいほど落ちぶれる,ハムスター速報
2026-08-24,https://hamusoku.com/archives/11032896.html,東京の老人ホーム「入居するだけで１０００万円な　月額費用もガンガン値上げしてくぞ！！！」←ワイ達の老後　詰むのが確定する,ハムスター速報
2026-08-24,https://hamusoku.com/archives/11032901.html,韓国産キムチが中国産白菜で汚染され終わる　発がん性物質ホルムアルデヒドを大量使用,ハムスター速報
2026-08-24,https://hamusoku.com/archives/11032952.html,"生活保護民「生活保護費が月13万円　家賃53,000円　猫の飼育代15,000円　残りはたった62,000円。これでどうやって生きていけばいいのだろう」",ハムスター速報
2026-08-24,https://hamusoku.com/archives/11032898.html,【クレカ窃盗上級国民】NY出身慶應キラキラ女子大生・新沢かれんちゃん　不起訴の可能性　弁護士が予測,ハムスター速報
2026-08-24,https://hamusoku.com/archives/11032883.html,ローソン「コメ価格が下がったのでおにぎり値下げします！」セブン・ファミマ「・・・」,ハムスター速報
2026-08-24,https://hamusoku.com/archives/11032871.html,出生率が過去最低になったシンガポールが大幅支援を表明「子供一人産んだら一律約１０００万円支給！」,ハムスター速報
2026-08-24,https://hamusoku.com/archives/11032869.html,大失敗に終わったクールジャパン機構　誰も責任を取らないまま経産省が次のクールジャパン機構を設立へ「中抜き大国5カ年計画」,ハムスター速報
2026-08-24,https://hamusoku.com/archives/11032857.html,昨年稼ぎまくったコメ卸業者「助けて！去年倉庫に貯めまくった古米が売れないの！新米よりも高くなっちゃった！早く米を買って！！！」,ハムスター速報
2026-08-24,https://hamusoku.com/archives/11029061.html,息子がMOTHERにハマっとる,ハムスター速報
2026-08-23,https://hamusoku.com/archives/11032758.html,ラヴ上等で学ぶ「クズがめちゃくちゃモテる理由」,ハムスター速報
2026-08-23,https://hamusoku.com/archives/11032671.html,【クレカ窃盗】慶應キラキラ女子大生・新沢かれんちゃんの人生が完璧な勝ち組すぎると話題に　窃盗で全て終わる,ハムスター速報
2026-08-23,https://hamusoku.com/archives/11032434.html,北方領土エリカちゃんガチギレ中,ハムスター速報
2026-08-23,https://hamusoku.com/archives/11032670.html,税理士「担当した中で一番納税額がえぐかったのは開業した弁護士でも医者でもなく同人作家」,ハムスター速報
2026-08-23,https://hamusoku.com/archives/11029523.html,ワイのファッション評価してクレメンス,ハムスター速報
2026-08-23,https://hamusoku.com/archives/11032656.html,【北海道】特定技能で奴隷商売をやっているブロッコリー農家（京極町町議）「日本のご主人様は誰だ」ミャンマー人女性の胸や尻を触りまくるご主人様プレイをやりだす,ハムスター速報
2026-08-23,https://hamusoku.com/archives/11032652.html,不倫クズの篠田麻里子さん　被害者ムーブで不倫すら美談になるｗｗｗｗｗｗｗｗｗ,ハムスター速報
2026-08-23,https://hamusoku.com/archives/11028543.html,初心者ワイのケーキ制作,ハムスター速報
2026-08-23,https://hamusoku.com/archives/11032462.html,中国の大流行中のアパレル文化　凄いことになってるｗｗｗｗｗｗｗｗｗｗｗｗｗ,ハムスター速報
2026-08-23,https://hamusoku.com/archives/11029093.html,鬱ワイ、ゆるきゃん△を無限ループする,ハムスター速報
2026-08-22,https://hamusoku.com/archives/11032460.html,結婚式の為に肩にボトックス注射した結果・・・,ハムスター速報
2026-08-22,https://hamusoku.com/archives/11029534.html,TSUTAYA　絶滅危惧種に,ハムスター速報
2026-08-22,https://hamusoku.com/archives/11028458.html,8月だから夏に撮った写真あげていく,ハムスター速報
2026-08-22,https://hamusoku.com/archives/11027742.html,【スヌーピー】詳細不明！このマグネットの詳細,ハムスター速報
2026-08-22,https://hamusoku.com/archives/11027404.html,フロスって何回まで使える？,ハムスター速報
2026-08-22,https://hamusoku.com/archives/11027729.html,ぶっちゃけ過大評価だろってアニメ,ハムスター速報
2026-08-22,https://hamusoku.com/archives/11027395.html,高校の同級生女「ワイくん一緒に行こ」(移動教室ではいつも一緒に移動したがる),ハムスター速報
2026-08-22,https://hamusoku.com/archives/11031020.html,ワイの会社　初任給上げすぎて新入社員に人事が給与額口止め,ハムスター速報
2026-08-22,https://hamusoku.com/archives/11031656.html,【不動産屋の同人誌】毎日新聞　いつの間にかヤバいことになってたｗｗｗｗｗｗｗｗｗ,ハムスター速報
2026-08-21,https://hamusoku.com/archives/11032125.html,東武線特急4人死亡事故　見張り員「１人が意思疎通できない状態」←これ,ハムスター速報
2026-08-21,https://hamusoku.com/archives/11032119.html,ラヴ上等「人に火をつけた事が僕の武勇伝！」犯罪でイキっていたゴミ共　法務省も擁護できずタイアップ中止に,ハムスター速報
2026-08-21,https://hamusoku.com/archives/11032116.html,くら寿司の無人レジ　ヤバい外国人トラップがあると話題に,ハムスター速報
2026-08-21,https://hamusoku.com/archives/11032097.html,【茨城】逆走運転していた無職の小玉裕介　正面衝突させた後に金属バットでとどめを刺そうとしてくる無敵の人ムーブ,ハムスター速報
2026-08-21,https://hamusoku.com/archives/11031006.html,ワイの箸の持ち方　キモすぎるｗｗｗｗｗｗｗｗｗｗｗｗｗ,ハムスター速報
2026-08-21,https://hamusoku.com/archives/11031021.html,ブランドの服着てるやつは金持ち←この認知ってもうなくなってきたよな,ハムスター速報
2026-08-21,https://hamusoku.com/archives/11031028.html,親戚「ワイちゃんは今は何してるの？」ワイ「ぇ……えっと…」,ハムスター速報
2026-08-21,https://hamusoku.com/archives/11028804.html,ワイついに貯金1000万を達成,ハムスター速報
2026-08-21,https://hamusoku.com/archives/11031751.html,運送業で転職しまくり転職ガチャに成功した結果,ハムスター速報
2026-08-21,https://hamusoku.com/archives/11031750.html,ガスト名物『超クソ長アンケートに答えたらクーポン』やった結果ｗｗｗｗｗｗｗｗｗｗ,ハムスター速報
2026-08-20,https://hamusoku.com/archives/11031744.html,植草美幸先生「２９歳は崖っぷち　３０歳になると崖から落ちる」「オタ活・推し活で婚期逃す人多い」,ハムスター速報
2026-08-20,https://hamusoku.com/archives/11031657.html,ポケカ窃盗でお馴染みのクロネコヤマト　外国人が入り込み過ぎて終わる,ハムスター速報
2026-08-20,https://hamusoku.com/archives/11031654.html,青学　パパ活女子の聖地になってしまう,ハムスター速報
2026-08-20,https://hamusoku.com/archives/11031653.html,赤い羽根共同募金　募金詐欺だけでなくクルド人やColaboを支援し赤い羽根を作る中国に金を流すガチの反社組織だった,ハムスター速報
2026-08-20,https://hamusoku.com/archives/11031649.html,撮り鉄　ガチクズすぎる,ハムスター速報
2026-08-20,https://hamusoku.com/archives/11030606.html,怖すぎるオフ会スレが見つかったｗｗｗｗｗｗｗｗｗｗ,ハムスター速報
2026-08-20,https://hamusoku.com/archives/11031010.html,YouTube見てるやつってすごいよな,ハムスター速報
2026-08-20,https://hamusoku.com/archives/11031075.html,マチアプで知り合った女の子と人生初デートしたんやが,ハムスター速報
2026-08-19,https://hamusoku.com/archives/11031014.html,パッパの葬式で会場に泊まっとるんやが,ハムスター速報
2026-08-19,https://hamusoku.com/archives/11030611.html,ワイ、クラフトコーラを作る,ハムスター速報
2026-08-19,https://hamusoku.com/archives/11029057.html,おんj2人っきりでの会話マジで苦手部,ハムスター速報
2026-08-19,https://hamusoku.com/archives/11030604.html,X民「年取ってからの貧乏ほど惨めなものはないと思う。計画性のないだらしなさの証明。」,ハムスター速報
2026-08-19,https://hamusoku.com/archives/11030995.html,【給食無償化】北海道の貧乏給食　ヤバイ,ハムスター速報
2026-08-19,https://hamusoku.com/archives/11030613.html,寺田心「好きです！」同級生女子「ごめんなさい…」,ハムスター速報
2026-08-19,https://hamusoku.com/archives/11031301.html,菊川怜さん　闇堕ちしてしまう・・・,ハムスター速報
2026-08-19,https://hamusoku.com/archives/11031291.html,婚活女性　希望年収５０００万円以上ｗｗｗｗｗｗｗｗｗｗｗｗｗｗｗｗｗ,ハムスター速報
2026-08-19,https://hamusoku.com/archives/11031142.html,脳外科医の時給よりもすき家の深夜時給の方が高いバグみたいな現実,ハムスター速報
2026-08-18,https://hamusoku.com/archives/11031136.html,【米価格暴落】記録的なコメ余りで新米4割安　作れば作る程赤字状態に　去年儲けまくった米卸業者「・・・」,ハムスター速報
2026-08-18,https://hamusoku.com/archives/11031131.html,【美容整形】ヒアルロン酸注入した結果　失明,ハムスター速報
2026-08-18,https://hamusoku.com/archives/11031022.html,企業の５割が正社員の人手不足を実感,ハムスター速報
2026-08-18,https://hamusoku.com/archives/11030997.html,ワイ、コミケスタッフをやったんだがコミケアンチになりそう,ハムスター速報
2026-08-18,https://hamusoku.com/archives/11031023.html,中道改革連合の落選議員達が政治団体『ゴリラ』を立ち上げ　何の罪も無いゴリラを政治利用し始める,ハムスター速報
2026-08-18,https://hamusoku.com/archives/11031017.html,流しモルモットさん　プリケツかわいい,ハムスター速報
2026-08-18,https://hamusoku.com/archives/11031002.html,募金詐欺でお馴染みの赤い羽根共同募金　募金詐欺を揉み消す為にまたやらかす,ハムスター速報
2026-08-18,https://hamusoku.com/archives/11030982.html,筋トレ民が増えすぎてプロテインの価格ヤバイことになる,ハムスター速報
2026-08-18,https://hamusoku.com/archives/11030980.html,ブルアカ版権イラスト色紙オークションのIxyさん「個人で１０万円や１００万円程度であればセーフ、１０００万円以下は非営利。壁サーだってそれぐらい稼いでる」,ハムスター速報
2026-08-18,https://hamusoku.com/archives/11030595.html,【淫夢専用動画サイト】ニコニコ動画　有料会員数９０万人割れでも強気の値上げをかます,ハムスター速報
2026-08-18,https://hamusoku.com/archives/11030666.html,福岡県のエリート中学生　ヤバすぎると話題に,ハムスター速報
2026-08-17,https://hamusoku.com/archives/11030615.html,【千葉県】そこら中に水没車両が放置されてしまう　保険無しの残クレアルファードで水没した人も,ハムスター速報
2026-08-17,https://hamusoku.com/archives/11030597.html,みいちゃんと山田さん　終わる,ハムスター速報
2026-08-17,https://hamusoku.com/archives/11030616.html,【野獣先輩】淫夢ガチアンチワイ　見事に敗北する,ハムスター速報
2026-08-17,https://hamusoku.com/archives/11030618.html,大企業さん「新卒採用は必要なのか？」２７卒採用大幅減少へ,ハムスター速報
2026-08-17,https://hamusoku.com/archives/11030607.html,【グラセフ愛知】車に乗っていた男性　外国人に襲われ車両強盗される　現在も外国人は逃走中,ハムスター速報
2026-08-17,https://hamusoku.com/archives/11030555.html,【令和の日本】子供を産むよりもテスラの電気自動車１台買ったほうが沢山の補助金貰えるバグ,ハムスター速報
2026-08-17,https://hamusoku.com/archives/11030562.html,【夏コミ】有名絵師さん達　ブルアカの版権イラスト色紙オークションを開催し色紙１枚で数十万円ゲット　非営利という建前とはなんだったのか,ハムスター速報
2026-08-17,https://hamusoku.com/archives/11030283.html,【幸福度が爆上がり】アザラシさん達の腹ぺち　可愛すぎると話題に,ハムスター速報
2026-08-17,https://hamusoku.com/archives/11030284.html,美容整形が正当化される令和のルッキズム　地獄すぎると話題に,ハムスター速報
2026-08-16,https://hamusoku.com/archives/11030367.html,【令和の名古屋走り】LUUP　ガチでヤバいｗｗｗｗｗｗｗｗｗｗｗ,ハムスター速報
2026-08-16,https://hamusoku.com/archives/11030281.html,【広島】ベトナム人技能実習生さん　高度人材すぎて連続空き家窃盗事件を計画し実行　３１軒に侵入し金品を奪うことに成功,ハムスター速報
2026-08-16,https://hamusoku.com/archives/11029551.html,黒猫さん　かわいい,ハムスター速報
2026-08-16,https://hamusoku.com/archives/11030280.html,テスラジャパン　ガチクズすぎると話題に,ハムスター速報
2026-08-16,https://hamusoku.com/archives/11030279.html,上げ底弁当でお馴染みのセブンイレブンがオワコンに　ローソン・ファミマ・まいばすけっとにボコられる,ハムスター速報
2026-08-16,https://hamusoku.com/archives/11030278.html,【マッチングアプリの闇】医者がマチアプをやるとこうなる,ハムスター速報
2026-08-16,https://hamusoku.com/archives/11026514.html,ここだけおんjブラック企業,ハムスター速報
2026-08-16,https://hamusoku.com/archives/11029925.html,日本　どれだけ労働者が真面目に働いて生産性を上げても賃金上昇しなかった事がデータで示されてしまう,ハムスター速報
2026-08-16,https://hamusoku.com/archives/11029923.html,【警報】千葉の浸水被害　破傷風リスクを考えたほうが良いという動画,ハムスター速報
2026-08-16,https://hamusoku.com/archives/11030253.html,煽り運転ヤバい奴ランキング上位のドラレコ動画　これ,ハムスター速報
2026-08-16,https://hamusoku.com/archives/11029901.html,【ジャニーズ】WEST.メンバーの重岡大毅と濵田崇裕が結婚と子供がいる事（重岡）を発表しジャニオタ発狂「来世はアイドルはやらないでね」「お前を食わせる金はもうありません」,ハムスター速報
2026-08-15,https://hamusoku.com/archives/11029045.html,で、結局お前らは何の車に乗ったら許してくれるんだよ？,ハムスター速報
2026-08-15,https://hamusoku.com/archives/11028821.html,夏に激臭いお前らは体臭対策ってどうしてる？,ハムスター速報
2026-08-15,https://hamusoku.com/archives/11025803.html,地元の祭りにソロ参加してんだけど,ハムスター速報
2026-08-15,https://hamusoku.com/archives/11029883.html,【徳島】撮り鉄を車で轢き殺そうとした建設作業員「ビビらせてやろうと思っただけ」撮り鉄ｖｓ一般市民の戦い　始まる,ハムスター速報
2026-08-15,https://hamusoku.com/archives/11029880.html,【サッカーW杯】上田綺世選手への愚痴を世界中に垂れ流して炎上していた由布菜月さん　関西コレクションでランウェイデビューしインスタの現実を公開,ハムスター速報
2026-08-15,https://hamusoku.com/archives/11029874.html,【鳥取の恥】石破茂　消費税減税を潰す為に反対派と連携するクズムーブを宣言し炎上中,ハムスター速報
2026-08-15,https://hamusoku.com/archives/11029856.html,【千葉悲報】ワイの家、水没するｗｗｗｗｗｗｗｗｗ,ハムスター速報
2026-08-15,https://hamusoku.com/archives/11029553.html,中国のリフォーム職人がガチギレした結果,ハムスター速報
2026-08-15,https://hamusoku.com/archives/11029552.html,置き配　終わりへ,ハムスター速報
2026-08-14,https://hamusoku.com/archives/11028745.html,形成外科と美容外科で30年近く人の顔を見てきたお医者さん「〇〇が悪いと美容医療では治せない」,ハムスター速報
2026-08-14,https://hamusoku.com/archives/11028806.html,仕事終わりワイ「明日も働くか」,ハムスター速報
2026-08-14,https://hamusoku.com/archives/11029472.html,【うんこ逆流中】千葉県民やけど外がドブ臭すぎて最悪,ハムスター速報
2026-08-14,https://hamusoku.com/archives/11029476.html,日本で働いて出国した外国人のほぼ5人に1人が住民税を納税せずにバックレていたｗｗｗｗｗｗｗｗｗｗｗ,ハムスター速報
2026-08-14,https://hamusoku.com/archives/11029468.html,【埼玉】９１歳女性を殺害したベトナム人（住所不定無職）　在留資格なしの元技能実習生だった,ハムスター速報
2026-08-14,https://hamusoku.com/archives/11028815.html,ハト描いたから見てや,ハムスター速報
2026-08-14,https://hamusoku.com/archives/11028785.html,初代マリオカート「ライン取りの完全実力派です。どのキャラクターでも実力で勝てます」←いちばん面白い,ハムスター速報
2026-08-14,https://hamusoku.com/archives/11028763.html,【月給34万円】工場だけど年間休日122日ある,ハムスター速報
2026-08-14,https://hamusoku.com/archives/11029315.html,【パヨク】東京新聞さん　国旗損壊チャレンジを１面で特集してしまう,ハムスター速報
2026-08-13,https://hamusoku.com/archives/11029095.html,【ルフィ悲報】最近のワンピース　ガチでキツすぎると話題に,ハムスター速報
2026-08-13,https://hamusoku.com/archives/11029096.html,橋下徹の息子３人が全員ニートという現実,ハムスター速報
2026-08-13,https://hamusoku.com/archives/11027010.html,死んだ後の夢があるんやが,ハムスター速報
2026-08-13,https://hamusoku.com/archives/11029054.html,【高市政権】小野田紀美・外国人政策担当相が外国人政策の厳格化加速　立憲民主党が発狂「日本が外国人に選ばれなければ経済活動は縮小し、地域活動は成り立たなくなる」,ハムスター速報
2026-08-13,https://hamusoku.com/archives/11028716.html,"ブラック飲食「月給231,000円！　※」←ヤバすぎて草",ハムスター速報
2026-08-13,https://hamusoku.com/archives/11029068.html,【大阪あべちか】ベトナム人の集団が３１歳女性を刺してバッグを奪う強盗殺人未遂　逮捕されたベトナム人２人以外は今も大阪で逃走中,ハムスター速報
2026-08-13,https://hamusoku.com/archives/11029052.html,歴史好きのワイちゃんが軍事資料を貼るだけ,ハムスター速報
2026-08-13,https://hamusoku.com/archives/11028719.html,アラフォー婚活女性「年収１０００万円が初めましてで鳥貴族提案してきたのでブロック！！！」ジャニーズ大倉忠義「デートでチェーン店嫌だって人が苦手」,ハムスター速報
2026-08-13,https://hamusoku.com/archives/11028742.html,ベトナム人達　日本人が経営する農園の名前を騙って盗品の桃をライブ配信して稼ぎ始める,ハムスター速報
2026-08-12,https://hamusoku.com/archives/11028807.html,社民党さん　支持率と議席が減りすぎてついにおかしくなってしまうｗｗｗｗ,ハムスター速報
2026-08-12,https://hamusoku.com/archives/11028822.html,【スパチャ殺人事件】母親を殺害して母親の口座から1000万円投げ銭するバケモン　見つかる,ハムスター速報
2026-08-12,https://hamusoku.com/archives/11028811.html,【第二の宮迫】松本人志さん　ガチで落ちぶれてしまう・・・,ハムスター速報
2026-08-12,https://hamusoku.com/archives/11027907.html,ハムスターが目の前でにんじん食べてるドアップ動画　かわいい,ハムスター速報
2026-08-12,https://hamusoku.com/archives/11028739.html,【東京大学新聞】東大新入生の支持政党ランキングが発表される,ハムスター速報
2026-08-12,https://hamusoku.com/archives/11028747.html,クルド人　トルコ政府による恩赦法で日本から消えることに　クルド人達に襲撃されてきた埼玉県議やジャーナリストからお祝いのメッセージが届く,ハムスター速報
2026-08-12,https://hamusoku.com/archives/11028733.html,【ベトナム】ヤマト運輸でポケカを送るとガチで盗まれる件について　中身を正直に書くと盗まれるor明記しない場合は補償無しの２択で詰む,ハムスター速報
2026-08-12,https://hamusoku.com/archives/11028720.html,【情弱ビジネス】楽天　情弱な楽天カードユーザーをリボ払いに誘導して稼ぎまくっていた・・・,ハムスター速報
2026-08-12,https://hamusoku.com/archives/11028717.html,【カミツキガメ】立憲民主党・蓮舫「高市首相が歯医者に行ったことを国会で追及するぞ！！！」←頭が狂ってると炎上中,ハムスター速報
2026-08-11,https://hamusoku.com/archives/11026801.html,ワイ、結婚相談所入会者泣きながら反省,ハムスター速報
2026-08-11,https://hamusoku.com/archives/11028183.html,ポメラニアンと１０年間一緒の布団で寝てきた結果,ハムスター速報
2026-08-11,https://hamusoku.com/archives/11028281.html,日本の警察さん　舐められて外国人集団に襲撃される・・・,ハムスター速報
2026-08-11,https://hamusoku.com/archives/11028282.html,大腸がんの原因が判明　毒素作る腸内細菌が関与,ハムスター速報
2026-08-11,https://hamusoku.com/archives/11025524.html,声優志望の人「声優養成校通って…ボイトレして…」　アイドルさん「なんかよくわからないけどアニメ映画の声優仕事のオファーがきたンゴｗ」,ハムスター速報
2026-08-11,https://hamusoku.com/archives/11028280.html,韓国サッカー協会が女性を派遣して性的マッサージで審判買収していた事件　性接待された日本人審判２人が特定され調査へ,ハムスター速報
2026-08-11,https://hamusoku.com/archives/11028279.html,YouTuberヒカル　自身を教祖と位置付ける『光の会』を開設へ　※月額490円,ハムスター速報
2026-08-11,https://hamusoku.com/archives/11028268.html,【中国共産党の下僕】長崎市長・鈴木史朗さんが台湾を排除した件　ガチの外交問題に発展へ　台湾「長崎市が中国に追従し、日本に友好的な台湾をおとしめた」,ハムスター速報
2026-08-11,https://hamusoku.com/archives/11028267.html,ひろゆき　妻とネット番組に出てチー牛感が凄いと話題に,ハムスター速報
2026-08-10,https://hamusoku.com/archives/11026502.html,Z世代「働きたくない。何もいらない。とにかく働きたくない。」,ハムスター速報
2026-08-10,https://hamusoku.com/archives/11028186.html,婚活イベント　女性しか集まらない現実,ハムスター速報
2026-08-10,https://hamusoku.com/archives/11028191.html,中道改革連合　支持率が激減し共産党や日本保守党以下の泡沫政党化,ハムスター速報
2026-08-10,https://hamusoku.com/archives/11028190.html,【中国共産党の下僕】長崎市長・鈴木史朗さん　平和祈念式典で中国共産党に配慮して台湾を排除　炎上しリプ欄閉鎖へ,ハムスター速報
2026-08-10,https://hamusoku.com/archives/11028182.html,【#野獣の日2026】野獣邸近くの公園に淫夢民が集合しYAJU&Uを大合唱　デンマーク淫夢民も参戦する国際規模の野獣イベントになってしまう,ハムスター速報
2026-08-10,https://hamusoku.com/archives/11028156.html,転売ヤー達が遊戯王カードを大量予約←赤字になる事に気付き予約キャンセル放置開始,ハムスター速報
2026-08-10,https://hamusoku.com/archives/11028153.html,ネコ。―地球の運動について―,ハムスター速報
2026-08-10,https://hamusoku.com/archives/11026228.html,中３だけどワイが昔使ってた布団汚すぎる,ハムスター速報
2026-08-10,https://hamusoku.com/archives/11028119.html,お祭りの屋台さん　生肉常温放置ｗｗｗｗｗｗｗｗｗｗｗｗｗｗ,ハムスター速報
2026-08-09,https://hamusoku.com/archives/11027904.html,妹が移民反対派になってしまうｗｗｗｗｗ,ハムスター速報
2026-08-09,https://hamusoku.com/archives/11027902.html,公明党　日本の為に動くガチの有能政党だった,ハムスター速報
2026-08-09,https://hamusoku.com/archives/11027900.html,爆走ハムスターさん　ダイナミックかわいい,ハムスター速報
2026-08-09,https://hamusoku.com/archives/11027899.html,焼き鳥屋さんで鳥刺しを食べた結果・・・,ハムスター速報
2026-08-09,https://hamusoku.com/archives/11027895.html,シカさん　凄まじい食欲でひまわり畑を全滅させ福島県の祭りを中止に追い込む,ハムスター速報
2026-08-09,https://hamusoku.com/archives/11027893.html,年収１０００万円世帯の現実,ハムスター速報
2026-08-09,https://hamusoku.com/archives/11027892.html,ひろゆきの妻・西村ゆかさん　離婚を提示,ハムスター速報
2026-08-09,https://hamusoku.com/archives/11027883.html,日本の花火大会　中国人「場所取り転売ヤー」の荒稼ぎイベントになってしまう,ハムスター速報
2026-08-09,https://hamusoku.com/archives/11027660.html,若い世代で「外国人受け入れ反対」大幅増,ハムスター速報
2026-08-09,https://hamusoku.com/archives/11026207.html,【給与相談】これって待遇いいですか？,ハムスター速報
2026-08-08,https://hamusoku.com/archives/11027681.html,レッサーパンダさん　かわいい,ハムスター速報
2026-08-08,https://hamusoku.com/archives/11027682.html,【くら寿司】アイドル「閉店間際、ネタの量バグ」←こんなことあるの？,ハムスター速報
2026-08-08,https://hamusoku.com/archives/11027659.html,【ディズニー】高級ホテルでお馴染みのホテルミラコスタさん　値上げして改悪していたことがバレて炎上中,ハムスター速報
2026-08-08,https://hamusoku.com/archives/11027657.html,ガチャ課金がメインコンテンツのスマホゲーム　サ終と倒産が相次ぎ終わる,ハムスター速報
2026-08-08,https://hamusoku.com/archives/11027656.html,韓国サッカー界　W杯やオリンピック等で外国人審判員に女性を派遣し性的サービスで買収していた　今までの不可解なジャッジの真相が明らかに,ハムスター速報
2026-08-08,https://hamusoku.com/archives/11027652.html,パチンコスロット中毒者達がハマる前に見たかった動画,ハムスター速報
2026-08-08,https://hamusoku.com/archives/11025518.html,今週末、娘が遂に嫁に行く,ハムスター速報
2026-08-08,https://hamusoku.com/archives/11027651.html,HIKAKINの鬼茶　半額ワゴン行き,ハムスター速報
2026-08-08,https://hamusoku.com/archives/11027650.html,【日本のクソダサロック】ロックバンドGEZANのマヒトゥ・ザ・ピーポーさん　高市総理を批判し公金チューチューしながら女性に性的暴行していた,ハムスター速報
2026-08-07,https://hamusoku.com/archives/11027417.html,【Mステ】西川貴教さん　魅惑のマーメイドすぎるｗｗｗｗｗｗｗｗ,ハムスター速報
2026-08-07,https://hamusoku.com/archives/11027316.html,賃上げしない企業　過去最多ペースで倒産へ,ハムスター速報
2026-08-07,https://hamusoku.com/archives/11027327.html,日経新聞「日本人の旅行離れが深刻！観光ってこんなに社会的価値があるのに、なんでお前らは旅行いかないの？」,ハムスター速報
2026-08-07,https://hamusoku.com/archives/11027388.html,【第二の竹田くん】京大病院医師　脳腫瘍手術で検査結果を無視して正常な細胞を採取し手足も動かない自発呼吸不可の状態に追い込む　腫瘍はそのまま,ハムスター速報
2026-08-07,https://hamusoku.com/archives/11027329.html,【昆虫食】食用コオロギビジネスで破産したグリラス社長　みんなにコオロギ食を広める為にリベンジへ,ハムスター速報
2026-08-07,https://hamusoku.com/archives/11027319.html,元朝日新聞記者さん　新聞の軽減税率の闇に触れてしまう「自分たちだけが特別扱いされる理由を社説で論じてほしい」,ハムスター速報
2026-08-07,https://hamusoku.com/archives/11027318.html,【埼玉】クルド人等の外国人問題と戦う河合ゆうすけ議員　埼玉県知事に立候補へ　外国人生活保護を潰す全国初の知事が誕生か,ハムスター速報
2026-08-07,https://hamusoku.com/archives/11027309.html,【自動車保険】任意保険に加入しない層の考え方「金無きゃ払わなくてすむので入り損」,ハムスター速報
2026-08-07,https://hamusoku.com/archives/11027296.html,国民民主党や共産党と一緒に消費税減税に反対していた中道改革連合　裏切る「僕たちの公約はこれからも消費税減税です！！！」,ハムスター速報
2026-08-06,https://hamusoku.com/archives/11027083.html,ハムスターの日,ハムスター速報
2026-08-06,https://hamusoku.com/archives/11027017.html,ワイの株式口座　爆損で逝く,ハムスター速報
2026-08-06,https://hamusoku.com/archives/11024838.html,ゾンビパニック→ショッピングモールへの籠城,ハムスター速報
2026-08-06,https://hamusoku.com/archives/11027016.html,『映画ちいかわ 人魚の島のひみつ』公開10日間で興収44億円突破,ハムスター速報
2026-08-06,https://hamusoku.com/archives/11027009.html,ハンターハンター強さ議論ってこれで間違い無いんか？,ハムスター速報
2026-08-06,https://hamusoku.com/archives/11026993.html,農家「トマトが赤くなったで」お前ら「そうですね」農家さん「ニートは対話力不足だ」,ハムスター速報
2026-08-06,https://hamusoku.com/archives/11026990.html,AI活用すればするほど残業が増える現実,ハムスター速報
2026-08-06,https://hamusoku.com/archives/11026976.html,フジテレビさん　石破茂の生まれ変わりのような大学生を見つけてきて消費税減税反対報道をやってしまう,ハムスター速報
2026-08-04,https://hamusoku.com/archives/11026585.html,東京大学教授　大学院入試関連ページに『六四天安門』と記載し懲戒処分される,ハムスター速報
2026-08-04,https://hamusoku.com/archives/11026580.html,【若者の食事離れ】日経新聞「Z世代は週１で食事キャンセルしている」,ハムスター速報
2026-08-04,https://hamusoku.com/archives/11026534.html,プールへの飛び込み　思った以上に危険だった・・・,ハムスター速報
2026-08-04,https://hamusoku.com/archives/11026539.html,外国人への生活保護　まさかの日本全体と同水準で支給していた,ハムスター速報
2026-08-04,https://hamusoku.com/archives/11026521.html,ひろゆき　高市首相批判の為にデマを拡散　パヨクオールスターズが集結ｗｗｗｗｗｗｗｗｗｗｗｗｗ,ハムスター速報
2026-08-04,https://hamusoku.com/archives/11026501.html,ドパガキ専用アイドル　見つかるｗｗｗｗｗｗｗｗｗｗｗ,ハムスター速報
2026-08-04,https://hamusoku.com/archives/11026494.html,【リアルジャック・ハンマー】骨延長界隈　怖すぎて草,ハムスター速報
2026-08-04,https://hamusoku.com/archives/11024565.html,ワイ(24)、人生がわからなくなる,ハムスター速報
2026-08-04,https://hamusoku.com/archives/11026472.html,中道改革連合「熊本地震起きたから投資も減税もやめろ！復興財源確保！！！」熊本地震を政治利用し始める,ハムスター速報
2026-08-04,https://hamusoku.com/archives/11024814.html,お盆に親戚達が襲来するんやが,ハムスター速報
2026-08-03,https://hamusoku.com/archives/11026307.html,【お祭り】屋台　汚すぎて草,ハムスター速報
2026-08-03,https://hamusoku.com/archives/11026291.html,スペイン・セウタ島に移民５万人が殺到しゾンビパニックになった事件　スペイン政府が「移民は全員帰国した」と虚偽説明　未だに数万人の移民が不法滞在し現地民を襲撃,ハムスター速報
2026-08-03,https://hamusoku.com/archives/11024541.html,クソ田舎役場で働いてるけど人辞めまくりで笑えん,ハムスター速報
2026-08-03,https://hamusoku.com/archives/11026240.html,イギリスのニートが１００万人突破し大ブームに　５年以内に若者の６人に１人がニートに,ハムスター速報
2026-08-03,https://hamusoku.com/archives/11026233.html,【結婚式】LINEでご祝儀だけ送って欲しいと言われた時どうやって断ればいいのか？,ハムスター速報
2026-08-03,https://hamusoku.com/archives/11026223.html,ネコさん　顔の洗い方を赤ちゃんに教える,ハムスター速報
2026-08-03,https://hamusoku.com/archives/11026201.html,【熊本地震】おまいらなら地震で職場戻れ言われたら戻る？,ハムスター速報
2026-08-03,https://hamusoku.com/archives/11026199.html,ヤンマガ編集部「ヤンマガは炎上してもいいというスタンス」みい山でヤンマガ編集者達が炎上すると逃亡開始,ハムスター速報
2026-08-03,https://hamusoku.com/archives/11026192.html,【高度人材】ベトナム人が埼玉県に住む９０代女性を殺害し山林に遺棄　なぜかマスゴミは”ベトナム人被災地救助活動”のニュースを重点報道,ハムスター速報
2026-08-03,https://hamusoku.com/archives/11023497.html,究極の萌えアニメってなんや？,ハムスター速報
2026-08-02,https://hamusoku.com/archives/11026113.html,【近畿インターハイ】バスケ女子決勝の試合が物議に,ハムスター速報
2026-08-02,https://hamusoku.com/archives/11026107.html,なぜＬＩＮＥというゴミアプリが日本では標準になってしまったのか問題,ハムスター速報
2026-08-02,https://hamusoku.com/archives/11026016.html,【竹島ソング】独島は我が領土を熱唱していた反日KPOPグループ『NMIXX』が日本デビューｗｗｗｗｗｗｗｗｗｗｗ,ハムスター速報
2026-08-02,https://hamusoku.com/archives/11026013.html,【ぶつかり男】山手線原宿駅の電車に赤ちゃんをベビーカーに乗せて突入してみた「人が降りたり乗ったりの度にベビーカー揉みくちゃで倒れそうになった！」,ハムスター速報
2026-08-02,https://hamusoku.com/archives/11026010.html,【就活うんこ占い】大便の個室どこに入るかで外資コンサルに就職できるかがわかる,ハムスター速報
2026-08-02,https://hamusoku.com/archives/11026007.html,【ハム速公認Youtuber】俺達のコムドットの生歌ｗｗｗｗｗｗｗｗｗｗｗｗｗｗｗｗ,ハムスター速報
2026-08-02,https://hamusoku.com/archives/11026001.html,みいちゃんと山田さん　炎上の末にTVアニメ化が怪しくなっていた,ハムスター速報
2026-08-02,https://hamusoku.com/archives/11025995.html,あおちゃんぺ「可愛い女は山ほど居るのに、男って全員小汚いのしか居ないのは何故？」,ハムスター速報
2026-08-02,https://hamusoku.com/archives/11025869.html,世界的にまじめに働く層が理不尽すぎる扱いを受けている現実　ドイツでは”稼ぐと手取りが減るトラップ”まで用意されていた,ハムスター速報
2026-08-02,https://hamusoku.com/archives/11025992.html,石破茂「消費税減税は無責任！給付で現金をばらまくのが正解！」←？,ハムスター速報
2026-08-01,https://hamusoku.com/archives/11024582.html,親父が５回目の結婚するらしいんやが,ハムスター速報
2026-08-01,https://hamusoku.com/archives/11023491.html,「コロコロコミックで好きだった漫画」←これで年齢バレる,ハムスター速報
2026-08-01,https://hamusoku.com/archives/11025826.html,ポケモンカード新弾『ストームエメラルダ』ローソンがベトナム人転売ヤーに優先販売して炎上中,ハムスター速報
2026-08-01,https://hamusoku.com/archives/11025824.html,片岡鶴太郎　夜11時に起床,ハムスター速報
2026-08-01,https://hamusoku.com/archives/11025817.html,秋葉原のコンカフェ嬢　怖すぎて草,ハムスター速報
2026-08-01,https://hamusoku.com/archives/11025815.html,【ディズニー悲報】無料の優先パス終了　DPA対象アトラクションが追加され大課金時代に　※金払っても並ばされる地獄,ハムスター速報
2026-08-01,https://hamusoku.com/archives/11025795.html,【身長170cm以下の男性には人権がない】たぬかなさん　低身長ホビット煽りの呪いで炎上中「昔々あるところに身長の低い男性をホビット呼ばわりした女がいました。」,ハムスター速報
2026-08-01,https://hamusoku.com/archives/11025784.html,ワンダンス←アニメのせいでネタ扱いされている神漫画,ハムスター速報
2026-08-01,https://hamusoku.com/archives/11025782.html,スペイン・セウタ島に移民５万人が殺到　ガチのゾンビパニック状態に,ハムスター速報
2026-07-31,https://hamusoku.com/archives/11025523.html,明日花キララさん　また顔が変わって大丈夫か心配されてしまう,ハムスター速報
2026-07-31,https://hamusoku.com/archives/11025505.html,【熊本地震】イオンモール爆発で亡くなった女性アパレル店員「金庫にお金を入れないといけないと言われたので戻る」,ハムスター速報
2026-07-31,https://hamusoku.com/archives/11025404.html,夏絵ココさんのモノマネ動画　バズりまくるｗｗｗｗｗｗｗｗｗｗｗｗ,ハムスター速報
2026-07-31,https://hamusoku.com/archives/11025424.html,熊本市民ワイ　ネットが復活し24時間ぶりのおんJ,ハムスター速報
2026-07-31,https://hamusoku.com/archives/11025416.html,【かわいい犬語鑑定】この犬の話声を聞くと犬が絶対に首をかしげてしまう件,ハムスター速報
2026-07-31,https://hamusoku.com/archives/11025406.html,募金詐欺でお馴染みの日本テレビ２４時間テレビ　熊本地震の募金開始←なぜ熊本県公式の義援金口座を紹介するのではなく自分達でやりたがるのか謎,ハムスター速報
2026-07-31,https://hamusoku.com/archives/11025399.html,Googleの新卒・インターン応募の必須条件　ヤバすぎて草,ハムスター速報
2026-07-31,https://hamusoku.com/archives/11025380.html,【熊本地震】ベトナム人が高齢女性を助けたニュース　何故か救助していた日本人の存在が無かった事に　※ベトナム人が勝手に撮影して被災者に無許可でテレビ局が放送,ハムスター速報
2026-07-31,https://hamusoku.com/archives/11022800.html,昨日一緒に登山行ったオッサン(40代未婚)ヤバイんやが,ハムスター速報
2026-07-31,https://hamusoku.com/archives/11025101.html,【戦争は話し合いで解決】と主張していたひろゆきさん　ゆたぼんにとどめを刺されるｗｗｗｗｗｗｗｗｗｗｗｗｗ,ハムスター速報
2026-07-30,https://hamusoku.com/archives/11025140.html,すまん熊本やがコンビニに食品も水もない,ハムスター速報
2026-07-30,https://hamusoku.com/archives/11025096.html,【警報】熊本県民「八代の被災地に、広島ナンバー、プリウス、ボランティアする服装ではない、外国人3人組がいた。」能登半島地震の時に多発した外国人窃盗団　集まり始める,ハムスター速報
2026-07-30,https://hamusoku.com/archives/11025099.html,猫砂が嫌いなネコちゃん達のトイレ風景　かわいい,ハムスター速報
2026-07-30,https://hamusoku.com/archives/11025095.html,テニミュ・エーステ・あんさんぶるスターズ等の音楽クリエイターYu「リンパを流した方が声が出る」　２０代の女性俳優に”歌の指導”として性的暴行,ハムスター速報
2026-07-30,https://hamusoku.com/archives/11022555.html,ワイの持ってるモバイルバッテリー　超絶ヤバイｗｗｗｗｗｗｗｗｗｗ,ハムスター速報
2026-07-30,https://hamusoku.com/archives/11025073.html,イオンモール熊本　爆破事故で露出した鉄骨に謎の赤文字が書かれている件,ハムスター速報
2026-07-30,https://hamusoku.com/archives/11025067.html,【新党立ち上げ】ひろゆき　妻・西村ゆかさんからガチギレされ炎上「『少子化』とか『社会のために』とか大義名分かかげるくせに一番身近な家族を騙し討ち」,ハムスター速報
2026-07-30,https://hamusoku.com/archives/11025054.html,刑事告訴されている同志社国際高校の西田喜久夫校長　武石知華さんが沖縄平和学習で亡くなった２日後に玉城デニーと面会し「今後も同様に訪問し研修を継続したい」と要望,ハムスター速報
2026-07-29,https://hamusoku.com/archives/11022802.html,アニメ見ててイチャつくシーンくると効いて見れなくなる病,ハムスター速報
2026-07-29,https://hamusoku.com/archives/11024830.html,東野圭吾先生の自称ゴーストライターさん　なんかヤバそう,ハムスター速報
2026-07-29,https://hamusoku.com/archives/11024898.html,国民民主党さん　消費税減税という公約を守ろうとした高市政権を批判し消費税減税の合意を潰す,ハムスター速報
2026-07-29,https://hamusoku.com/archives/11022545.html,ITエンジニアなんだがAIのせいで転職考えてる,ハムスター速報
2026-07-29,https://hamusoku.com/archives/11024847.html,女子大生さん　保育実習で気付く「自分には仕事と家庭の両立は無理。だから、夫となる人にはしっかり稼いでほしい。」,ハムスター速報
2026-07-29,https://hamusoku.com/archives/11024832.html,ワイ熊本民、夜が怖い,ハムスター速報
2026-07-29,https://hamusoku.com/archives/11024822.html,【共産主義の社会実験】NYマムダニ市長　税金投入して他の店の３割引きで買える市営の食料品店をオープンすると宣言,ハムスター速報
2026-07-29,https://hamusoku.com/archives/11021473.html,契約更新無しになった派遣さんが無敵モードに突入して草,ハムスター速報
2026-07-28,https://hamusoku.com/archives/11024664.html,【台湾】賴清德総統「台湾の人々を代表して心よりお見舞い申し上げます。必要な支援があれば、いつでも協力できるよう準備を整えています。」,ハムスター速報
2026-07-28,https://hamusoku.com/archives/11024660.html,爆発で建物全体が吹き飛んだイオンモール熊本　多くの死者が出ているとの情報,ハムスター速報
2026-07-28,https://hamusoku.com/archives/11024572.html,旧小峰トンネルに凸る,ハムスター速報
2026-07-28,https://hamusoku.com/archives/11024588.html,かつや　低価格なのに客離れ←何故なのか？,ハムスター速報
2026-07-28,https://hamusoku.com/archives/11024578.html,桐谷広人さん　前立腺と大腸にがん,ハムスター速報
2026-07-28,https://hamusoku.com/archives/11024559.html,【京都大学】女子枠の数が多すぎて性転換を検討する男子が増加中　各大学による女性限定支援も話題に,ハムスター速報
2026-07-28,https://hamusoku.com/archives/11024536.html,みいちゃんと山田さんのアニメ化に発狂した人達　抗議署名活動を開始し金稼ぎを始める　正社員雇用の娘がみいちゃん扱いされて４日目で解雇されるフェミニストも,ハムスター速報
2026-07-28,https://hamusoku.com/archives/11024292.html,【ヘルタースケルター】整形手術を１１回やった結果,ハムスター速報
2026-07-28,https://hamusoku.com/archives/11024293.html,月収８０万円の秘書の１日,ハムスター速報
2026-07-27,https://hamusoku.com/archives/11024355.html,海上保安本部が同志社国際高校を家宅捜索　業務上過失致死傷容疑　知華さんの遺族が西田喜久夫校長・学年主任・引率教員2人の計4人を刑事告訴,ハムスター速報
2026-07-27,https://hamusoku.com/archives/11024290.html,映画ちいかわ←『令和のエヴァ』という評価に,ハムスター速報
2026-07-27,https://hamusoku.com/archives/11023498.html,ワイ、クワガタを拾う,ハムスター速報
2026-07-27,https://hamusoku.com/archives/11024298.html,作家・東野圭吾さん　死去,ハムスター速報
2026-07-27,https://hamusoku.com/archives/11024295.html,居眠りをして可搬式オービスを盗まれた埼玉県警さん　一か月間必死に探して容疑者を逮捕　※容疑者は「盗んでいません」と容疑を否認　オービスそのものも見つからず,ハムスター速報
2026-07-27,https://hamusoku.com/archives/11024275.html,伝説のキャバ嬢・天使かれんさん　フェイスリフト・脂肪吸引・ボトックス等のアンチエイジングに課金しまくった結果,ハムスター速報
2026-07-27,https://hamusoku.com/archives/11024272.html,【ブラック教員】小学校の先生　どんなバカでもなれる時代に,ハムスター速報
2026-07-27,https://hamusoku.com/archives/11024261.html,トー横キッズの女子達を集めて性病検査した結果ｗｗｗｗｗｗｗｗｗ,ハムスター速報
2026-07-27,https://hamusoku.com/archives/11024151.html,【テキ屋の現実】お祭りの屋台←マジで汚すぎるだろ・・・,ハムスター速報
2026-07-27,https://hamusoku.com/archives/11024044.html,梨５０００個窃盗事件により怪しい露店売りを警察に通報するブーム　始まる,ハムスター速報
2026-07-26,https://hamusoku.com/archives/11024150.html,ヨドバシカメラ池袋店　また脱糞　※脱糞タッパー界隈の犯行ではなく男性トイレ前でギリギリ間に合わなかった界隈の可能性,ハムスター速報
2026-07-26,https://hamusoku.com/archives/11024033.html,フジロックとかいう恥ずかしすぎる音楽フェスｗｗｗｗｗｗｗ,ハムスター速報
2026-07-26,https://hamusoku.com/archives/11023510.html,金縛りで出会った化け物で打線組んだｗｗｗｗｗｗｗｗｗ,ハムスター速報
2026-07-26,https://hamusoku.com/archives/11024075.html,横浜流星「理想のタイプは一歩、二歩下がって男をたててくれる女性」「女性には家事をやってほしい」「多様性、意味が分からないので。はい、以上」フェミニスト　発狂,ハムスター速報
2026-07-26,https://hamusoku.com/archives/11024037.html,ひよこが生まれて2ヶ月後,ハムスター速報
2026-07-26,https://hamusoku.com/archives/11024079.html,【米価暴落】コメが余りすぎて福井県JA「価格が限定できない状況。コメが余って。」農家「赤字価格ならもう百姓を辞める」,ハムスター速報
2026-07-26,https://hamusoku.com/archives/11024027.html,ワイの可愛いハムスターを見るスレ,ハムスター速報
2026-07-26,https://hamusoku.com/archives/11024032.html,ナマポ辞めて5年経ったけど,ハムスター速報
2026-07-26,https://hamusoku.com/archives/11024035.html,【令和の闇市】メルカリさん　窃盗品だけでなく遺体切断に使ったノコギリまで販売してしまう,ハムスター速報
2026-07-26,https://hamusoku.com/archives/11023870.html,セブンイレブンで鬼茶を買うとヒカキンにハグしてもらえる件,ハムスター速報
2026-07-25,https://hamusoku.com/archives/11023859.html,ジャングリア沖縄が1年で100万人達成！←ジャングリア沖縄代表「残念ながら・・・」,ハムスター速報
2026-07-25,https://hamusoku.com/archives/11023771.html,ネコさんの理不尽エピソード,ハムスター速報
2026-07-25,https://hamusoku.com/archives/11023785.html,マクドナルドのハンバーガーにみんながうっすら思ってる事,ハムスター速報
2026-07-25,https://hamusoku.com/archives/11023782.html,昔祖母がこんな感じの無人販売所やってたんです,ハムスター速報
2026-07-25,https://hamusoku.com/archives/11023780.html,小島よしおさん　聖人すぎると話題に,ハムスター速報
2026-07-25,https://hamusoku.com/archives/11023521.html,お前らの趣味ってなに？,ハムスター速報
2026-07-25,https://hamusoku.com/archives/11023773.html,【高市政権ありがとう】中国人観光客が日本ではなく韓国に押し寄せた結果　韓国人達がガチギレ発狂して反中デモ開始ｗｗｗｗｗｗｗｗｗｗｗｗ,ハムスター速報
2026-07-25,https://hamusoku.com/archives/11023774.html,【令和の闇市】メルカリ　盗難された梨が販売されている疑惑について声明←誰も信用してなくて大炎上中,ハムスター速報
2026-07-25,https://hamusoku.com/archives/11023696.html,元eggモデルの川端かなこさん　悲しい事になっていた・・・,ハムスター速報
2026-07-24,https://hamusoku.com/archives/11023496.html,若い投資家世代「NISA枠を埋めれないから彼女と別れて投資に回した」,ハムスター速報
2026-07-24,https://hamusoku.com/archives/11023493.html,アホのひろゆき　ゆたぼんを論破しようと絡んで自分の頭の悪さを全世界に発信してしまうｗｗｗｗｗｗｗｗｗｗｗｗ,ハムスター速報
2026-07-24,https://hamusoku.com/archives/11023489.html,今日もウクライナにボコられて爆発大炎上中のロシアさん「2027年より、ロシアは店舗における価格変更に対する完全な管理を導入します」,ハムスター速報
2026-07-24,https://hamusoku.com/archives/11021174.html,営業に異動になって社食から解放されたワイ「ラーメンとチャーハンと唐揚げと餃子！おやつにスタバのフラペ！」,ハムスター速報
2026-07-24,https://hamusoku.com/archives/11023449.html,【炎上】映画ちいかわの入場者特典グッズ　転売ヤーが殺到しメルカリへ　映画館関係者による大量出品も観測される,ハムスター速報
2026-07-24,https://hamusoku.com/archives/11021469.html,メロス（王を暗殺しに城へ潜入するが捕まる）「妹の結婚式が明日あるから解放しろ！絶対戻ってくるから！」,ハムスター速報
2026-07-24,https://hamusoku.com/archives/11022548.html,アレクサンドラ構文　難しすぎて草,ハムスター速報
2026-07-24,https://hamusoku.com/archives/11021172.html,昇給した！勤続８年目にして基本給１９万になったぞ！,ハムスター速報
2026-07-24,https://hamusoku.com/archives/11020951.html,ワイ、ラーメン屋で涙の帰宅,ハムスター速報
2026-07-23,https://hamusoku.com/archives/11023154.html,【悲報】日本の人手不足　嘘だった,ハムスター速報
2026-07-23,https://hamusoku.com/archives/11023120.html,婚活カウンセラー「最近PayPay払い問題で交際終了が続いてる」←激論に,ハムスター速報
2026-07-23,https://hamusoku.com/archives/11023047.html,話題の冷水カップヌードル食べてみたｗｗｗｗｗｗｗｗｗｗｗ,ハムスター速報
2026-07-23,https://hamusoku.com/archives/11023077.html,白人男性が日本に来るとこうなるらしいｗｗｗｗｗｗｗｗｗ,ハムスター速報
2026-07-23,https://hamusoku.com/archives/11023073.html,熱中症警戒アラート←こいつ無意味すぎだろと話題に,ハムスター速報
2026-07-23,https://hamusoku.com/archives/11023072.html,全国各地の高校野球の試合で熱中症が続出　ベンチの場所でも有利不利が生まれる状況に,ハムスター速報
2026-07-23,https://hamusoku.com/archives/11023062.html,セブンイレブン　店舗関係者によるコラボ商品の買い占め転売を認める,ハムスター速報
2026-07-23,https://hamusoku.com/archives/11023042.html,【コンテンツ検閲法案】ワンピース・ドラゴンボール・名探偵コナン・Vtuber等のアニメやマンガを規制する国民民主党・伊藤たかえさんが選挙で言っていた事,ハムスター速報
2026-07-23,https://hamusoku.com/archives/11023028.html,【窃盗集団】ベトナム人達　窃盗したりんごをメルカリで販売した疑惑が出てくる,ハムスター速報
2026-07-23,https://hamusoku.com/archives/11022928.html,【ブラック教職】公立校の先生達　精神疾患による退職が激増中,ハムスター速報
2026-07-22,https://hamusoku.com/archives/11022924.html,【朗報】高市政権による在留資格の厳格化によりベトナム人犯罪者達の日本離れが進む,ハムスター速報
2026-07-22,https://hamusoku.com/archives/11022892.html,PCオタの「今は時期が悪い」を初めて実感した,ハムスター速報
2026-07-22,https://hamusoku.com/archives/11022889.html,【山形マット死事件】元少年「賠償金とか払いたくないですよね。逆に損害賠償請求したいくらいの気持ちです。」,ハムスター速報
2026-07-22,https://hamusoku.com/archives/11022845.html,【デマで炎上中】国民民主党　表現規制法案について虚偽説明していた件について謝罪,ハムスター速報
2026-07-22,https://hamusoku.com/archives/11022817.html,仕事を選ばない漢・藤原竜也さん　レタスの為に顔になってしまうｗｗｗｗｗｗｗｗｗｗｗ,ハムスター速報
2026-07-22,https://hamusoku.com/archives/11022822.html,【福岡】梨５０００個以上を二年連続で窃盗された梨農家さん心が折れる「梨はもう辞めます。もう親父も気力をなくして、農園上がって来るだけでも大変だから。」,ハムスター速報
2026-07-22,https://hamusoku.com/archives/11022815.html,【名古屋】マンション転落に巻き込まれて死亡した２３歳女性の遺族　予約客から責められ大変なことになっていた・・・,ハムスター速報
2026-07-22,https://hamusoku.com/archives/11022792.html,炎上にぶち切れた国民民主党議員　有権者に対してネトウヨ煽り開始,ハムスター速報
2026-07-22,https://hamusoku.com/archives/11020595.html,無職ワイちゃん、妹家族殴り込みに行くも旦那に返り討ちされ涙の帰宅,ハムスター速報
2026-07-22,https://hamusoku.com/archives/11022539.html,ハゲ←差別用語として使用禁止に,ハムスター速報
2026-07-21,https://hamusoku.com/archives/11022612.html,【大炎上中】国民民主党による表現規制法案に小説家・知念実希人さん　幼女戦記カルロ・ゼンさん　ガンダムSEED福田己津央監督らクリエイター界隈が反対声明,ハムスター速報
2026-07-21,https://hamusoku.com/archives/11022601.html,【吉野家ドラクエコラボ】店員がフィギュアサーチして仕分けしていた問題　笹塚京王クラウン街店が臨時休業で証拠隠滅開始ｗｗｗｗｗｗｗｗｗ,ハムスター速報
2026-07-21,https://hamusoku.com/archives/11022553.html,中国人コスプレイヤーさん　オタクががぶ飲みするレモネードを発売してしまうｗｗｗｗｗｗｗｗｗｗｗｗ,ハムスター速報
2026-07-21,https://hamusoku.com/archives/11022535.html,【今日好きラブレター回】女「しゅんくんの字を見たい」男「汚いよたぶん」女「それがいいんだよね」,ハムスター速報
2026-07-21,https://hamusoku.com/archives/11022502.html,国民民主党による表現規制法案　ワンピース・ドラゴンボール・名探偵コナン・Vtuber等のアニメやマンガ　全て性的・暴力的なコンテンツとして規制対象に　検閲組織にNPOの影,ハムスター速報
2026-07-21,https://hamusoku.com/archives/11020957.html,DQNの川流れ「お盆に泳いで死にます」←アホすぎる,ハムスター速報
2026-07-21,https://hamusoku.com/archives/11020302.html,喫煙者「仕事サボって喫煙所♪」←これが許される理由,ハムスター速報
2026-07-21,https://hamusoku.com/archives/11017607.html,プログラマー「はぁはぁ数百時間かけてプログラム言語覚えたぞ！」←これ,ハムスター速報
2026-07-20,https://hamusoku.com/archives/11022398.html,【吉野家店員の夏のボーナス】吉野家ドラクエコラボで稼ぎまくってるメルカリアカウントが見つかる　※どんぶりスライムAだけを大量に転売,ハムスター速報
2026-07-20,https://hamusoku.com/archives/11022391.html,【ホロライブ】星街すいせいさん　始球式で豪速球ストライクを投げる【動画あり】,ハムスター速報
2026-07-20,https://hamusoku.com/archives/11022145.html,神絵師ワイりんごを描いてしまう,ハムスター速報
2026-07-20,https://hamusoku.com/archives/11022112.html,ウォシュレットが止まらない　助けてくれ,ハムスター速報
2026-07-20,https://hamusoku.com/archives/11022296.html,国民民主党による表現規制法案　ポリコレ検閲利権の創設によりアニメマンガからVtuberまで全て規制するヤバさに炎上中,ハムスター速報
2026-07-20,https://hamusoku.com/archives/11022028.html,新卒一年目で退職したワイ転職活動で詰む,ハムスター速報
2026-07-20,https://hamusoku.com/archives/11021913.html,お前ら実は未履修ですって義務教育コンテンツある？,ハムスター速報
2026-07-20,https://hamusoku.com/archives/11022279.html,ラウンドワン・ワンピースコラボ　転売ヤー達が大量ゲットして高額転売１０００万円超で出品も　ワンピースカードを転売するだけで億り人になれる大海賊時代,ハムスター速報
2026-07-20,https://hamusoku.com/archives/11022269.html,吉野家ドラクエコラボ　当たり前のように吉野家店員がフィギュアを仕分けて転売　ゴミのみ消費者に当選するキャンペーンとなる,ハムスター速報
2026-07-20,https://hamusoku.com/archives/11018764.html,ワイ「年収500万円のワイに釣り合う女性画像作って」AI「おかのした」,ハムスター速報
2026-07-20,https://hamusoku.com/archives/11019663.html,キャバクラとガールズバーが全く楽しくないからおかしいんじゃないかと思って１年通い続けてみた,ハムスター速報
2026-07-19,https://hamusoku.com/archives/11017333.html,山椒とかいう料理の格を別次元へと誘う最強調味料,ハムスター速報
2026-07-19,https://hamusoku.com/archives/11021906.html,大学生ワイ、レポートでAI使いまくった事がバレる,ハムスター速報
2026-07-19,https://hamusoku.com/archives/11022072.html,今日もウクライナにボコられ炎上しているロシアに対し日本の外務省「大学生をロシアに送り込もうぜ！人的交流は大事！！！」←頭大丈夫かと話題に,ハムスター速報
2026-07-19,https://hamusoku.com/archives/11022063.html,ヒカル・カノックスター・はじめしゃちょー　大物Youtuberはなぜ夜職女性に食われてしまうのか？,ハムスター速報
2026-07-19,https://hamusoku.com/archives/11021796.html,ワイ社畜、お盆休みなし,ハムスター速報
2026-07-19,https://hamusoku.com/archives/11021891.html,【ラウンドワン】ワンピースカードコラボ　転売ヤーが爆益で大喜び「1日で70万円稼げるみんなのラウンドワン最高ですね」,ハムスター速報
2026-07-19,https://hamusoku.com/archives/11021839.html,台湾のチアリーダー見習いさん　可愛すぎると話題に,ハムスター速報
2026-07-19,https://hamusoku.com/archives/11021838.html,ジャングリア沖縄が遂にダンスを解禁　水を被って踊る罰ゲーム企画で大復活へ←これ金払って踊るのハードル高すぎるだろ・・・,ハムスター速報
2026-07-19,https://hamusoku.com/archives/11019067.html,仕事できないからIQテスト受けた結果,ハムスター速報
2026-07-18,https://hamusoku.com/archives/11021164.html,【冨樫義博】幽遊白書がたった１９巻で完結してるという事実,ハムスター速報
2026-07-18,https://hamusoku.com/archives/11021900.html,コストコのレジ係「時給5000円！貯蓄1億円超！！！」,ハムスター速報
2026-07-18,https://hamusoku.com/archives/11021836.html,【埼玉】外国人運転者による人身事故が急増中　犠牲になる日本人,ハムスター速報
2026-07-18,https://hamusoku.com/archives/11021825.html,【ポリコレ利権】国民民主党　日本共産党もびっくりの表現規制法案を提出　小説家・知念実希人さん「名探偵コナン等やミステリーホラー全て規制可能」,ハムスター速報
2026-07-18,https://hamusoku.com/archives/11021823.html,エヌビディア・フアンCEO「日本がかつてエヌビディアを救ってくれた。今度は、われわれが日本に貢献する番である。」←日本のマスゴミ記者　低能すぎていきなりぶっこむ,ハムスター速報
2026-07-18,https://hamusoku.com/archives/11021586.html,ファッションってムズない？,ハムスター速報
2026-07-18,https://hamusoku.com/archives/11021803.html,【ハンターハンター豆知識】ピトー　ユピー　プフは絵本の動物キャラが元ネタ,ハムスター速報
2026-07-18,https://hamusoku.com/archives/11021802.html,TOEICを985点取った人「ハリウッド映画を字幕なしでみてもまじでなんも意味わからねぇ」,ハムスター速報
2026-07-18,https://hamusoku.com/archives/11021798.html,初心運転者が普通自動車を運転する場合、定められた位置に初心者マークをつけて運転するようにしましょう。○か×か？,ハムスター速報
2026-07-18,https://hamusoku.com/archives/11021793.html,メルセデスベンツさん　中国製エンジンを搭載開始←もう終わりだろこのブランド,ハムスター速報
2026-07-17,https://hamusoku.com/archives/11017599.html,みんな体の不調あげてけ,ハムスター速報
2026-07-17,https://hamusoku.com/archives/11021572.html,ダウンタウン松本人志さん　大腸がん,ハムスター速報
2026-07-17,https://hamusoku.com/archives/11017583.html,仕事中にジュース飲むってどう思う？,ハムスター速報
2026-07-17,https://hamusoku.com/archives/11021540.html,小学校の通知表　全国的に廃止され始める「劣等感につながる」「児童間の序列につながらないように」,ハムスター速報
2026-07-17,https://hamusoku.com/archives/11021483.html,神戸どうぶつ王国のマヌルネコの赤ちゃん　可愛すぎる件,ハムスター速報
2026-07-17,https://hamusoku.com/archives/11021482.html,うんこ点滴で患者を殺害した看護師の動機「おむつ替えとかん腸が嫌だった」,ハムスター速報
2026-07-17,https://hamusoku.com/archives/11021477.html,【シックスパック】美容整形業界　遂にシリコンと脂肪で筋肉っぽく見せる手術を開発,ハムスター速報
2026-07-17,https://hamusoku.com/archives/11021466.html,【オワコン】日本のクラウドファンディング界隈　アリエクの転売品だらけというゴミ,ハムスター速報
2026-07-17,https://hamusoku.com/archives/11017337.html,元教職員ババア「移民をもっと受け入れるべき！日本はおかしい！」,ハムスター速報
2026-07-16,https://hamusoku.com/archives/11020956.html,かき氷の価格　限界突破ｗｗｗｗｗｗｗｗｗｗｗｗ,ハムスター速報
2026-07-16,https://hamusoku.com/archives/11021205.html,GMO熊谷正寿さん「むむむ！在宅勤務にしたらタイピング数が減った！リモートワーク廃止！」,ハムスター速報
2026-07-16,https://hamusoku.com/archives/11021169.html,【黒夢】清春「白いモノは信じてない」「グルテンが病気になるフタを開ける」←ヤバげな方向へ,ハムスター速報
2026-07-16,https://hamusoku.com/archives/11021158.html,８度目の結婚をしたビッグダディ林下清志さん　離婚へ,ハムスター速報
2026-07-16,https://hamusoku.com/archives/11021147.html,東京大学医学部附属病院「外国人が1.6億円の点滴のために来日して治療が終わったら帰国、これでいいのか？」,ハムスター速報
2026-07-16,https://hamusoku.com/archives/11021132.html,【鹿児島】平川動物公園のコアラ・タイヨウくん　性癖が凄いことになってると話題にｗｗｗｗｗｗｗｗｗ,ハムスター速報
2026-07-16,https://hamusoku.com/archives/11021131.html,修学旅行や学園祭等のイベントにだけ来る不登校生徒は迷惑なのか？拒否したらイジメなのか？　同級生とのLINEを巡って激論に,ハムスター速報
2026-07-16,https://hamusoku.com/archives/11021121.html,中道改革連合・小川淳也さん　お笑い芸人として至高の領域に達し国会で大爆笑を巻き起こす,ハムスター速報
2026-07-16,https://hamusoku.com/archives/11018769.html,エアコン業者　抱き枕を人と勘違いしてしまうｗｗｗｗｗｗｗｗｗｗ,ハムスター速報
2026-07-15,https://hamusoku.com/archives/11020593.html,【朗報】ワキガワイ、空調服をゲット！,ハムスター速報
2026-07-15,https://hamusoku.com/archives/11020954.html,ヨドバシカメラ池袋線　電車で脱糞してしまう・・・,ハムスター速報
2026-07-15,https://hamusoku.com/archives/11020891.html,【悲報】我が家エアコン無い　がちで死にそう,ハムスター速報
2026-07-15,https://hamusoku.com/archives/11020961.html,【病院脱糞事件】５１歳助産師　点滴に大便を混入させて患者を殺害,ハムスター速報
2026-07-15,https://hamusoku.com/archives/11020942.html,【オワコン】ひろゆきが必死に宣伝していたPOPOPO　サービス終了ｗｗｗｗｗｗｗｗｗｗｗｗ,ハムスター速報
2026-07-15,https://hamusoku.com/archives/11020882.html,【千葉】不審者情報センター「自分の肩を接触させ、視線を合わせ、笛を吹き、イエローカードを出し、レッドカードも出した。」←動画が見つかる,ハムスター速報
2026-07-15,https://hamusoku.com/archives/11020886.html,1億5000万円脱税のインフルエンサー宮崎麗果　執行猶予がついて大勝利へ,ハムスター速報
2026-07-15,https://hamusoku.com/archives/11020592.html,トランプで黒が出たら震える　赤が出たら怯える　ジョーカーが出たら解放する,ハムスター速報
2026-07-15,https://hamusoku.com/archives/11020868.html,【AnimeGen】経済産業省が税金をぶっこんだ商用利用OKなアニメ特化動画生成AI　当たり前のようにスタジオジブリ・京アニ・エヴァ等々をエサにしていて炎上中,ハムスター速報
2026-07-15,https://hamusoku.com/archives/11020863.html,ワンピースカードの付録『週刊少年ジャンプ』　凄まじい量がゴミステーションに捨てられる,ハムスター速報
2026-07-15,https://hamusoku.com/archives/11020840.html,沖縄県議会　自衛隊員差別防止決議案を否決　立憲民主党・日本共産党・てぃーだ平和ネット・社大党が反対　公明党は逃亡←こいつらは差別主義政党,ハムスター速報
2026-07-14,https://hamusoku.com/archives/11020597.html,事故物件に一人で泊まり込みオバケ無しを証明する専門家　９ 割が問題無しと証明,ハムスター速報
2026-07-14,https://hamusoku.com/archives/11020264.html,アルパカダービー　かわいい,ハムスター速報
2026-07-14,https://hamusoku.com/archives/11020600.html,潰れそうなジャングリア沖縄について刀CEO森岡毅「正しい評判が広がるか、体力が尽きるのが先かの競争」潰れる原因がネットのせいになる,ハムスター速報
2026-07-14,https://hamusoku.com/archives/11020564.html,【パヨク】ChatGPT　まさかの『れいわ新選組』推しだったｗｗｗｗｗｗｗｗｗｗｗ,ハムスター速報
2026-07-14,https://hamusoku.com/archives/11020563.html,女子アナウンサーをキャバ嬢扱いするフジテレビさん　元フジテレビ役員が女子アナをホテルに誘って昇進ｗｗｗｗｗｗｗｗ,ハムスター速報
2026-07-14,https://hamusoku.com/archives/11020531.html,就活に失敗するとこういう会社で働かなくてはいけない地獄,ハムスター速報
2026-07-14,https://hamusoku.com/archives/11015483.html,栃木県　実は割と有能な県説,ハムスター速報
2026-07-14,https://hamusoku.com/archives/11020522.html,【集英社】ワンピースカード付録というゴミ企画を考えたジャンプ編集部　長年買い続けたジャンプファン達を卒業に追い込む,ハムスター速報
2026-07-13,https://hamusoku.com/archives/11020361.html,【小学館】ドラえもん連載終了騒動　きっかけが判明【コロコロコミック】,ハムスター速報
2026-07-13,https://hamusoku.com/archives/11020261.html,キャバクラ嬢さん　自分達の事を「芸能人やアイドル」と一緒のカテゴリーだと思っていたｗｗｗｗｗｗｗｗｗｗｗｗｗｗ,ハムスター速報
2026-07-13,https://hamusoku.com/archives/11020255.html,タブレットで教育崩壊したノルウェー教育相「タブレット教育はマジでやめとけ、私たちが犯した過ちを繰り返さないように」アホの文部科学省「タブレット利権最高！！！！」,ハムスター速報
2026-07-13,https://hamusoku.com/archives/11020258.html,ワンピースカード目当てに転売ヤーが買い占めた週刊少年ジャンプ33号　各地でゴミとして大量に捨てられる,ハムスター速報
2026-07-13,https://hamusoku.com/archives/11015475.html,子供の頃の家族からの名言で打線組んだｗｗｗｗｗｗ,ハムスター速報
2026-07-13,https://hamusoku.com/archives/11020235.html,歌舞伎町に２万円配りまくっている謎の外国人がいると話題に,ハムスター速報
2026-07-13,https://hamusoku.com/archives/11020212.html,ワイ達はスクール水着を買うべきなのでは？普段着としてスク水を楽しむ猛者も見つかる,ハムスター速報
2026-07-13,https://hamusoku.com/archives/11020199.html,女性VTuber「VTuber好きな人嫌い。男として弱者男性だから。」VTuberオタの心をへし折る,ハムスター速報
2026-07-13,https://hamusoku.com/archives/11014488.html,CRTモニターに掲示板の画面を映すだけでエモい,ハムスター速報
2026-07-12,https://hamusoku.com/archives/11019972.html,中国政府　台湾南方のフィリピン領バタン諸島も中国の領土だと主張開始,ハムスター速報
2026-07-12,https://hamusoku.com/archives/11020078.html,【鴨川シーワールド】シャチさんに「いないいないばあ！」←反応がかわいすぎて１０万いいね,ハムスター速報
2026-07-12,https://hamusoku.com/archives/11020076.html,JR西日本が『エスカレーター片側空ける謎の文化』に注意喚起,ハムスター速報
2026-07-12,https://hamusoku.com/archives/11020069.html,【高校野球東東京大会】超高学歴対決　日比谷ｖｓ開成戦のラストが衝撃的すぎると話題に,ハムスター速報
2026-07-12,https://hamusoku.com/archives/11020067.html,トイ・ストーリー5　映像データ全編がX上に流出し150万再生,ハムスター速報
2026-07-12,https://hamusoku.com/archives/11020066.html,マンジャロダイエットのゆいぴすさん　ダイエットの過酷さを訴える「週２でトレーニングしてマンジャロ注射してます」ひろゆき「努力じゃないじゃんそれ」,ハムスター速報
2026-07-12,https://hamusoku.com/archives/11020065.html,ホストクラブのホストさん達　肌があまりにも汚すぎると話題に,ハムスター速報
2026-07-12,https://hamusoku.com/archives/11020062.html,Amazonプライムデーお前ら何買った？値上げ決定したiPhoneがセール価格で買えるラストチャンスやで！！！,ハムスター速報
2026-07-12,https://hamusoku.com/archives/11019974.html,ドイツ「熱波で５千人溶けました」フランス「どれだけ人間が溶けてもエアコン使用はやめましょう！」,ハムスター速報
2026-07-11,https://hamusoku.com/archives/11019986.html,ヨドバシカメラ池袋店で今日も脱糞が見つかる　タッパー脱糞界隈ではなくトイレが行列になっていて我慢できず脱糞してしまった可能性,ハムスター速報
2026-07-11,https://hamusoku.com/archives/11019120.html,すごい色の封筒届いたんやが,ハムスター速報
2026-07-11,https://hamusoku.com/archives/11019941.html,ナマ足魅惑のポメラニアン,ハムスター速報
2026-07-11,https://hamusoku.com/archives/11019966.html,高市政権　現役世代の社会保険料率の引き下げを明記へ,ハムスター速報
2026-07-11,https://hamusoku.com/archives/11019960.html,【はま寿司】迷惑行為で逮捕されたTikToker新西悠太「俺からお金取れないから」はま寿司は賠償請求もできずに終わる　動画再生数が上がり有名人になった新西悠太は勝ち組に,ハムスター速報
2026-07-11,https://hamusoku.com/archives/11019940.html,Duolingoや英会話教室業界　GPT-Liveにより終わる,ハムスター速報
2026-07-11,https://hamusoku.com/archives/11019939.html,落選した中道議員達が国会に集まって発狂「生活が大変なんですけど！！！？？？」,ハムスター速報
2026-07-11,https://hamusoku.com/archives/11019937.html,埼玉県川口市の公立小学校　日本人の小学生がクルド人達に集団暴行される,ハムスター速報
2026-07-11,https://hamusoku.com/archives/11015439.html,ファイナンシャルプランナーって無能すぎて全部言ってる事同じだよな,ハムスター速報
2026-07-11,https://hamusoku.com/archives/11017041.html,【尾瀬速報】自然　美しい,ハムスター速報
2026-07-10,https://hamusoku.com/archives/11019730.html,ポケモンGO運営　インフルエンサー招待イベントで個体値１００のミュウツーを配布して大炎上中　一般ユーザーの心をへし折る,ハムスター速報
2026-07-10,https://hamusoku.com/archives/11019665.html,ヨドバシカメラ池袋店　AIがうんこミュージアムが店内にオープンしたと勘違いするレベルで脱糞してしまう,ハムスター速報
2026-07-10,https://hamusoku.com/archives/11019692.html,ロシア　またウクライナにボコられてしまう・・・ガソリンが無いのでLPガス車に改造するのがロシアで大流行,ハムスター速報
2026-07-10,https://hamusoku.com/archives/11019656.html,ディズニーランド　サイレント値上げ開始ｗｗｗｗｗｗｗｗｗ,ハムスター速報
2026-07-10,https://hamusoku.com/archives/11019651.html,週刊文春さん　佐藤二朗ハラスメント報道でもデマがバレてネットの責任にし始める「新たな問題の前に、SNS等で流布されている誤った認識について改める必要がある」,ハムスター速報
2026-07-10,https://hamusoku.com/archives/11019627.html,日本共産党がデマ報道の週刊文春を見捨てる「中傷動画問題の松井何某は詐欺師　発言は信用できないし裏が取れない」,ハムスター速報
2026-07-10,https://hamusoku.com/archives/11014158.html,上司がハゲを馬鹿にしてきたんやが、キレてええか？,ハムスター速報
2026-07-10,https://hamusoku.com/archives/11019612.html,【脱糞の聖地】ヨドバシカメラ池袋店でうんこを撒いてるタッパー脱糞界隈の超有名人に遭遇していた貴重な証言　見つかる,ハムスター速報
2026-07-10,https://hamusoku.com/archives/11019394.html,【橋本愛ハラスメント騒動】フジテレビのコンプライアンス担当弁護士　佐藤二朗への脅迫ハラスメント疑惑が浮上して炎上,ハムスター速報
2026-07-09,https://hamusoku.com/archives/11019332.html,ディズニーランドの若者離れ　客層を高齢者メインにして売上が過去最高に,ハムスター速報
2026-07-09,https://hamusoku.com/archives/11019299.html,中道改革連合・小川淳也さん　国会審議をサボった夏休み中にコラ素材を作っていた・・・さっそくX民がコラネタを披露,ハムスター速報
2026-07-09,https://hamusoku.com/archives/11019057.html,マンジャロダイエットやってみた結果,ハムスター速報
2026-07-09,https://hamusoku.com/archives/11019286.html,【脱糞の聖地】ヨドバシカメラ池袋店　タッパーにうんこ詰めてきた脱糞民がエスカレーターにぶちまけた疑惑　タッパー脱糞民は界隈でめちゃくちゃ有名人という情報も,ハムスター速報
2026-07-09,https://hamusoku.com/archives/11019273.html,中道・立憲民主党・参政党・国民民主党・日本共産党・チームみらいが一致団結して議員定数削減法案を潰し大勝利宣言,ハムスター速報
2026-07-09,https://hamusoku.com/archives/11018758.html,【かわいいボイス系インフルエンサー】インスタグラム可愛い声優ASMR界隈「いいこいいこしてお願い！あああどこ触ってるのおにーちゃん！頭以外のよしよしはだめだよおおおお！！」,ハムスター速報
2026-07-09,https://hamusoku.com/archives/11018739.html,新ジャンル「無限Dancing Dog」,ハムスター速報
2026-07-09,https://hamusoku.com/archives/11019259.html,【平和活動利権】沖縄県議会　自民党以外の全ての政党が武石知華さんが殺された辺野古ボート事故調査特別委員会の設置に反対し潰す　※オール沖縄・共産・公明・立憲,ハムスター速報
2026-07-09,https://hamusoku.com/archives/11018982.html,小田急線の治安　悪すぎて草,ハムスター速報
2026-07-08,https://hamusoku.com/archives/11019060.html,【脱糞の聖地】ヨドバシカメラ池袋店　今度は壁に脱糞する脱糞民が出現　ヨドバシカメラ「タッパーでうんこを持って来て撒いてるやつがいるから警戒しろ」と指示が飛ぶ,ハムスター速報
2026-07-08,https://hamusoku.com/archives/11019058.html,日本人技術者が世界最大の中国ドローン会社DJIに年収数千万円で引き抜かれてしまう　いつものパターンで日本ドローン敗戦へ,ハムスター速報
2026-07-08,https://hamusoku.com/archives/11019070.html,自治体「公務員技術職の給料　事務職と同じにして出世できないようにしたら応募ゼロになったんですけど・・・なんで？」,ハムスター速報
2026-07-08,https://hamusoku.com/archives/11019064.html,【対決より解決（笑）】国会サボって議員定数削減法案を潰した国民民主党・玉木雄一郎　公約違反の他責体質に党員ドン引きして離党へ,ハムスター速報
2026-07-08,https://hamusoku.com/archives/11018983.html,セリア「思い出いっぱいの夏にしよう」,ハムスター速報
2026-07-08,https://hamusoku.com/archives/11019012.html,【日本人差別】福岡県　税金で外国人限定の宿泊費助成とバス代支援を開始　炎上中,ハムスター速報
2026-07-08,https://hamusoku.com/archives/11018750.html,【警報】妊婦を狙って自転車で轢いてくる初老の女　怖すぎると話題に,ハムスター速報
2026-07-08,https://hamusoku.com/archives/11018742.html,ロシア全土でガソリン危機が起きガソリンスタンドで殴り合いが日常に　勝てばガソリンゲットできる北斗の拳の世界　※ちなみに粗悪ガソリンなので給油すると壊れる,ハムスター速報
2026-07-08,https://hamusoku.com/archives/11018974.html,超有名カリスマホスト・軍神さんが書いた『女性の扱い方ホストマニュアル』　ホストの思考回路がエグすぎると話題に,ハムスター速報
2026-07-08,https://hamusoku.com/archives/11018749.html,NHK「東京の小学生が大変なことになってます！通学時間が５分から１５分と３倍になる凄まじい影響が出ています！！！！」全国ニュースに,ハムスター速報
2026-07-08,https://hamusoku.com/archives/11018863.html,佐藤二朗「僕は心から、もうフジとは関わりたくないです」「踊る大捜査線　映画本編も、僕のところは全てカットしてほしい」踊る映画本編からも降板へ,ハムスター速報
2026-07-07,https://hamusoku.com/archives/11018746.html,【橋本愛・佐藤二朗ハラスメント騒動】実際のハラスメント動画を見た人達「思っていたのと違った」「見てみたけど思ってたより全然怪しいシーンじゃなくて困惑」,ハムスター速報
2026-07-07,https://hamusoku.com/archives/11018760.html,【節税と兵役逃れ疑惑】シンガポールへの海外移住をおすすめしていた中田敦彦さん　黒歴史動画を削除,ハムスター速報
2026-07-07,https://hamusoku.com/archives/11018757.html,【脱糞の聖地】ヨドバシカメラ池袋店「トイレ管理は面倒だからトイレは高階層にだけ設置」→肛門ゆるゆるワイ達「トイレ無いならしゃーないわ」エスカレーターでも脱糞してしまう,ハムスター速報
2026-07-07,https://hamusoku.com/archives/11018766.html,週刊少年ジャンプが店頭販売無し　ワンピースカードのせいで予約完売・抽選販売扱いに　発売前から高額転売され転売ヤー達が大喜び,ハムスター速報
2026-07-07,https://hamusoku.com/archives/11018747.html,【NO WAR 戦争反対（笑）】中国軍による弾道ミサイル発射に対して戦争反対界隈の人達　全員沈黙ｗｗｗｗｗｗｗｗｗｗ,ハムスター速報
2026-07-07,https://hamusoku.com/archives/11018724.html,形成外科専門医「ヒアルロン酸は大きな顔になります　ボトックスは筋肉が弱るから下がってたるみます」美容外科の現実,ハムスター速報
2026-07-07,https://hamusoku.com/archives/11018703.html,指定校推薦の学生達　大学の講義についていけず大学生の塾に殺到「テキストを読んでも、計算方法や記号の意味がわからない」,ハムスター速報
2026-07-07,https://hamusoku.com/archives/11018701.html,原作を軽視する脚本家や映画監督あるあるｗｗｗｗｗｗｗ,ハムスター速報
2026-07-07,https://hamusoku.com/archives/11018682.html,【亀梨オタ発狂】亀梨和也グッズ　田中みな実が考えていたｗｗｗｗｗｗｗｗｗｗｗｗｗｗｗｗ,ハムスター速報
2026-07-06,https://hamusoku.com/archives/11018522.html,【ネコ速報】リズム天国　神ゲーだった,ハムスター速報
2026-07-06,https://hamusoku.com/archives/11018476.html,【ドパオバ】ボンドロシールを大量に買い占めていたドーパミンおばさん「どうすんねんほんま捌ききれるわけないど。定価でお譲りしても2桁はいくもんな」,ハムスター速報
2026-07-06,https://hamusoku.com/archives/11018478.html,救急車の有料化　医師の９割が賛成,ハムスター速報
2026-07-06,https://hamusoku.com/archives/11018442.html,キラキラインフルエンサーキャバ嬢・きららちゃん　不倫相手のネクストレベルホールディングス・河原由次さんから総額１億円脱税・違法薬物疑惑までバラされてしまう,ハムスター速報
2026-07-06,https://hamusoku.com/archives/11018432.html,ヨドバシカメラ　連日で脱糞事件が起き脱糞の聖地として認定される　凄まじい量の下痢便だったという証言も,ハムスター速報
2026-07-06,https://hamusoku.com/archives/11018423.html,産経新聞「モンスタークレーマー化する野党とメディア　文春が中傷動画報道から撤退、ハシゴ外される」モンスタークレーマー化した国民民主党・玉木雄一郎　まだ言い続けて炎上中,ハムスター速報
2026-07-06,https://hamusoku.com/archives/11014128.html,会社で”ガチで潰しに来られた”ことある？,ハムスター速報
2026-07-06,https://hamusoku.com/archives/11018370.html,【佐藤二朗】橋本愛さん　騒音ハラスメントを起こしていた,ハムスター速報
2026-07-05,https://hamusoku.com/archives/11018278.html,中田敦彦さん　YouTube生活が厳しくなりシンガポールから日本に帰国へ　節税目的のシンガポール移住と子供の兵役逃れのためのカムバック疑惑で炎上,ハムスター速報
2026-07-05,https://hamusoku.com/archives/11018264.html,田中みな実（39）「亀梨みな実はまだ慣れない」亀梨担に勝利宣言,ハムスター速報
2026-07-05,https://hamusoku.com/archives/11018034.html,工場勤務やが、ヤバいことした,ハムスター速報
2026-07-05,https://hamusoku.com/archives/11017967.html,野原ひろし(35)より年上になってしもた,ハムスター速報
2026-07-05,https://hamusoku.com/archives/11018177.html,ウクライナ　ガソリンスタンドに殺到するロシア人で遊び始める,ハムスター速報
2026-07-05,https://hamusoku.com/archives/11018176.html,佐藤二朗さん　週刊文春による橋本愛ハラスメント報道によりXを見ない一般層では既に犯罪者扱いされている現実,ハムスター速報
2026-07-05,https://hamusoku.com/archives/11018173.html,日本企業「お前らより新卒の方が給料高いけど、転職するか？」,ハムスター速報
2026-07-05,https://hamusoku.com/archives/11018158.html,【佐藤二朗ハラスメント疑惑】橋本愛さんの所属事務所　謎すぎると話題に,ハムスター速報
2026-07-05,https://hamusoku.com/archives/11018157.html,ひろゆき「新幹線や飛行機で「シート倒していいですか？」と聞く人は「嫌です」と言われたら、シートを倒さないまま目的地に行く覚悟があるんだよね？」,ハムスター速報
2026-07-05,https://hamusoku.com/archives/11014489.html,【トレンドファッション（笑）】服の流行りを追う意味　ガチでないことが判明,ハムスター速報
2026-07-05,https://hamusoku.com/archives/11014471.html,【ハウルと火の悪魔】チャットGPTと本の感想で一晩明かしてしまった,ハムスター速報
2026-07-04,https://hamusoku.com/archives/11017687.html,カラスに棒を食べさせた話,ハムスター速報
2026-07-04,https://hamusoku.com/archives/11017693.html,ワイ超有能なのに2回解雇されて再就職が出来ないんやが？,ハムスター速報
2026-07-04,https://hamusoku.com/archives/11016112.html,ワシ「膵臓の機能不全による糖尿病」らしい,ハムスター速報
2026-07-04,https://hamusoku.com/archives/11015803.html,葬式やってみて分かったけど葬式って意味ねぇな,ハムスター速報
2026-07-04,https://hamusoku.com/archives/11017949.html,ウクライナにフルボッコにされているロシア　ガソリンもまともに作れなくなり低品質ガソリンが配給され車が各地でぶっ壊れ始める　自転車の時代に,ハムスター速報
2026-07-04,https://hamusoku.com/archives/11017929.html,橋本愛の所属事務所　フジテレビと共に佐藤二朗と全面戦争することを宣言,ハムスター速報
2026-07-04,https://hamusoku.com/archives/11014468.html,【急募】口から目覚まし時計取れなくなったｗｗｗｗｗｗｗｗｗｗｗ,ハムスター速報
2026-07-04,https://hamusoku.com/archives/11017605.html,Z世代「なぜ老人を介護する必要があるのか」,ハムスター速報
2026-07-03,https://hamusoku.com/archives/11012695.html,弊社「うーん障害者雇用促進法かぁ…」,ハムスター速報
2026-07-03,https://hamusoku.com/archives/11017680.html,【国旗損壊罪】ひろゆき　余りにも恥ずかしい・・・,ハムスター速報
2026-07-03,https://hamusoku.com/archives/11017666.html,中道・小川淳也代表　高市事務所が関与した動画の裏付けが何も無い状況で国会で騒いだ事を認める,ハムスター速報
2026-07-03,https://hamusoku.com/archives/11017631.html,【文春砲（笑）】佐藤二朗さん　捏造デマでお馴染みの週刊文春に抗議「完全に創作してる　嘘はやめて下さい」,ハムスター速報
2026-07-03,https://hamusoku.com/archives/11017594.html,ラ・ムー「具だくさんソース焼きそば　増量」終わってしまう・・・,ハムスター速報
2026-07-03,https://hamusoku.com/archives/11017609.html,倒産間近のジャングリア沖縄　遂に神の一手を発表！これでガチのマジで大復活へ！！！,ハムスター速報
2026-07-03,https://hamusoku.com/archives/11017595.html,【W杯惨敗】サッカー韓国代表のホン・ミョンボ監督　韓国政府が直々に捜査し犯罪者として逮捕される模様,ハムスター速報
2026-07-03,https://hamusoku.com/archives/11017589.html,寝ながらごはん食べているハムスターさん　かわいすぎるｗｗｗｗｗｗｗｗｗｗｗｗ,ハムスター速報
2026-07-03,https://hamusoku.com/archives/11017579.html,佐藤二朗さん　週刊文春と橋本愛により仕事が無くなり始める　踊る大捜査線のスピンオフドラマから降板,ハムスター速報
2026-07-03,https://hamusoku.com/archives/11012429.html,寝起きワイ「仕事か…行きたくねぇ…」,ハムスター速報
2026-07-02,https://hamusoku.com/archives/11014134.html,昔のヨーロッパ人「あかん！チーズが青カビだらけになってもうた」,ハムスター速報
2026-07-02,https://hamusoku.com/archives/11010733.html,月に５０万円稼ぐUber Eats配達員ワイがイラついた客TOP3,ハムスター速報
2026-07-02,https://hamusoku.com/archives/11017332.html,日本　真面目に働くよりもベトナム・中国人を見習ってポケモン・ワンピース転売ヤーとして生きた方が稼げると話題に,ハムスター速報
2026-07-02,https://hamusoku.com/archives/11017330.html,橋本愛さんのインスタのコメント欄が大炎上中　橋本愛・佐藤二朗それぞれの擁護派で戦争が始まる,ハムスター速報
2026-07-02,https://hamusoku.com/archives/11017317.html,本田圭佑　次期サッカー日本代表監督への決意を語る,ハムスター速報
2026-07-02,https://hamusoku.com/archives/11017295.html,週刊文春「佐藤二朗が橋本愛に深刻なハラスメント行為」←佐藤二朗側が反論し詳細が判明するにつれて文春報道がめちゃくちゃすぎると話題に,ハムスター速報
2026-07-02,https://hamusoku.com/archives/11017285.html,【デマ】週刊文春と共同通信さん　捏造報道がバレて撤退開始　ビビった野党各党も撤退　日本共産党・小池晃「誹謗中傷問題？私は国会で取り上げてないから知りませんけど」,ハムスター速報
2026-07-02,https://hamusoku.com/archives/11012403.html,三大電車キチガイ「ドア前一旦降りないマン」「降りるそぶりして降りないガイジ」,ハムスター速報
2026-07-01,https://hamusoku.com/archives/11017150.html,【集英社】ナツコミ2026　ベトナム・中国人転売ヤーが本をぶん投げ書店を荒らしまくって終わる,ハムスター速報
2026-07-01,https://hamusoku.com/archives/11017043.html,【福田組（笑）】ワイ　炎上中のケロロ軍曹の映画を見に行く,ハムスター速報
2026-07-01,https://hamusoku.com/archives/11017129.html,ゴールドシップさん　ファンサが可愛すぎると話題に,ハムスター速報
2026-07-01,https://hamusoku.com/archives/11017107.html,日本人のコンビニ離れ加速,ハムスター速報
2026-07-01,https://hamusoku.com/archives/11017048.html,【配偶者の呼び方】正解はあるのか問題←関東学院大学・中村桃子教授「主人・旦那・亭主・家内・奥さんという呼び方は主従関係を表すので全部アウト！」「正解はありません！！！」,ハムスター速報
2026-07-01,https://hamusoku.com/archives/11010662.html,上司「一度しか言わないから覚えろ」,ハムスター速報
2026-07-01,https://hamusoku.com/archives/11017024.html,熱波で１０００人以上が溶け始めたフランス人に対して世界気象機関「フランス人はこの暑さに慣れる必要があります」エアコンの必要性は無いと主張,ハムスター速報
2026-07-01,https://hamusoku.com/archives/11017015.html,国会をサボり夏休み中の野党議員の皆さん　夏のボーナス満額支給３１９万円ゲット　玉木雄一郎さんはワールドカップ観戦を楽しんだことを有権者にアピールし炎上中,ハムスター速報
2026-07-01,https://hamusoku.com/archives/11017001.html,国民民主党・玉木雄一郎さん「国会議員定数削減は絶対やらなければならない！その一丁目一番地が比例定数８０削減だ！」高市政権案より過激派だった,ハムスター速報
2026-07-01,https://hamusoku.com/archives/11016717.html,【ロシア】プーチン大統領　ウクライナにやられすぎて弱気になる,ハムスター速報
2026-06-30,https://hamusoku.com/archives/11016779.html,経産省　DeNAに続いてソフトバンク主導のAI会社に約４０００億円ぶっこむ←なぜか「財源は？」といつも言ってる人達　消える,ハムスター速報
2026-06-30,https://hamusoku.com/archives/11016723.html,【歩く８００万円】八田與一の潜伏先　関東か？,ハムスター速報
2026-06-30,https://hamusoku.com/archives/11010656.html,合宿免許ワイ「車初乗り怖いンゴ…」,ハムスター速報
2026-06-30,https://hamusoku.com/archives/11016720.html,ヨーロッパ　暑すぎて1300人以上が溶け始める,ハムスター速報
2026-06-30,https://hamusoku.com/archives/11016698.html,【ディズニー】ベイマックスのハッピーライドダンス界隈　ガチのヤバイ人達が見つかる「これって怖いやつの召喚ソングなん？」「20％割引で入ってる奴らだろ」,ハムスター速報
2026-06-30,https://hamusoku.com/archives/11016700.html,埼玉県議「生活保護の外国人　身につけている財布や時計は高級ブランド品　 乗っている車は高級車」,ハムスター速報
2026-06-30,https://hamusoku.com/archives/11016689.html,石田嵩人・福井県知事　タイのゲイ達の間で大人気になってしまうｗｗｗｗｗｗｗｗｗｗｗｗ,ハムスター速報
2026-06-30,https://hamusoku.com/archives/11016670.html,【亀梨担悲報】妊娠・結婚を隠してツアーチケットとグッズを売りまくった亀梨和也さん　亀梨担からの集金完了後に爆弾投下して絶望させる,ハムスター速報
2026-06-30,https://hamusoku.com/archives/11016501.html,【サッカーワールドカップ】日本　ブラジルに逆転負けで敗退　残り１分の悲劇,ハムスター速報
2026-06-29,https://hamusoku.com/archives/11016459.html,田中みな実の高齢出産　大谷翔平の年子にキレていたフェミニスト達が沈黙へ　亀梨和也はDV夫なのか？,ハムスター速報
2026-06-29,https://hamusoku.com/archives/11016401.html,【サカナクション】山口一郎さんの企画「反復横跳び３０回しても絶対歌える男」←数え方が鬼畜すぎるｗｗｗｗｗｗｗｗｗｗ,ハムスター速報
2026-06-29,https://hamusoku.com/archives/11016399.html,韓国「EUみたいにパスポート不要で日韓往来できるようにしようぜ！」←最悪すぎる提案が出始める,ハムスター速報
2026-06-29,https://hamusoku.com/archives/11016392.html,亀梨和也・田中みな実　妊娠・結婚発表,ハムスター速報
2026-06-29,https://hamusoku.com/archives/11016378.html,ヒカキンさん　娘の安全の為に引っ越しするも新居ルームツアー動画を何故かアップしマンションが即特定される,ハムスター速報
2026-06-29,https://hamusoku.com/archives/11016375.html,【溝口界隈】明日花キララさん　ラストコールコレクションでゴミ扱いされて帰宅　溝口勇児への怒りでＬＩＮＥ公開,ハムスター速報
2026-06-29,https://hamusoku.com/archives/11016358.html,【歌舞伎町】noteのナンパマニュアルを読んで実践している野生のナンパ師・小泉進次郎　見つかる,ハムスター速報
2026-06-29,https://hamusoku.com/archives/11008795.html,統合失調症のワイができるお仕事,ハムスター速報
2026-06-28,https://hamusoku.com/archives/11016246.html,ハム速を見ているらしいAdoさん「本当にハムスターを飼いたい　ハムスターを毎日触りたい」ハムスター画像が殺到する,ハムスター速報
2026-06-28,https://hamusoku.com/archives/11010408.html,唐揚げ食べ放題に来たで！！,ハムスター速報
2026-06-28,https://hamusoku.com/archives/11015799.html,女性「すみません、ワリカン苦手なんですけど」,ハムスター速報
2026-06-28,https://hamusoku.com/archives/11016137.html,【日本は６月に詰む】ナフサがイラン衝突前の価格以下に暴落　政府直販のナフサ供給にも申請数がわずかという現実　ナフサ不安民とはなんだったのか？,ハムスター速報
2026-06-28,https://hamusoku.com/archives/11016105.html,日産自動車　経営陣がクソすぎて炎上中→ゴーン「お、ワイがCEO復帰してもええぞ？」,ハムスター速報
2026-06-28,https://hamusoku.com/archives/11016101.html,【意識高い系】EU本部　熱波対策の為に上級国民が働くオフィスだけエアコン作動,ハムスター速報
2026-06-28,https://hamusoku.com/archives/11015795.html,【悲報】マクドナルドさん、流石に高すぎる,ハムスター速報
2026-06-28,https://hamusoku.com/archives/11016111.html,【サッカーワールドカップ】韓国敗退決定　日本のせいになってしまう「韓国を助けなかった日本」,ハムスター速報
2026-06-28,https://hamusoku.com/archives/11016091.html,テレビ離れ　全世代で加速←何故なのか？,ハムスター速報
2026-06-28,https://hamusoku.com/archives/11010406.html,絵描きワイ貧乏、PCが壊れる,ハムスター速報
2026-06-28,https://hamusoku.com/archives/11008770.html,転職初日ワイ　衝撃を目の当たりにする,ハムスター速報
2026-06-27,https://hamusoku.com/archives/11008545.html,メルカリで折り畳み傘の大量転売で稼いでみた,ハムスター速報
2026-06-27,https://hamusoku.com/archives/11015793.html,車って水ですぐダメになるんやな,ハムスター速報
2026-06-27,https://hamusoku.com/archives/11015802.html,【熱波】フランス政府「どれだけ暑くても環境の為にエアコンはやめろ」,ハムスター速報
2026-06-27,https://hamusoku.com/archives/11015790.html,CoCo壱以外に全国規模のカレーチェーンが出てこない理由,ハムスター速報
2026-06-27,https://hamusoku.com/archives/11015765.html,犬はいつも『あー忙しい忙しい💦』と思って生きている,ハムスター速報
2026-06-27,https://hamusoku.com/archives/11015764.html,フランス「省エネ！脱炭素！カーボンニュートラル！！！」熱波が直撃したフランス人「・・・」,ハムスター速報
2026-06-27,https://hamusoku.com/archives/11015763.html,中国人観光客　習近平に言われるがままに日本を避けてタイや韓国に行った結果　現地民にフルボッコにされていた,ハムスター速報
2026-06-27,https://hamusoku.com/archives/11015760.html,経済産業省「DeNAのクソゲー開発を税金で支援します！」←大炎上中,ハムスター速報
2026-06-27,https://hamusoku.com/archives/11010433.html,埼玉県川口市でクルド人の出産ラッシュ「日本で産めば強制送還されない！出産費用も無料な上に生活保護でお金も貰える！！！」,ハムスター速報
2026-06-26,https://hamusoku.com/archives/11008510.html,ワイ「あ、ドラクエ3の配信やってる女の子がおる。見てみるか」,ハムスター速報
2026-06-26,https://hamusoku.com/archives/11015502.html,セーラー服を着た初音ミクさん　整体に行く,ハムスター速報
2026-06-26,https://hamusoku.com/archives/11015535.html,ビッグダディ　色白美人シングルマザーと８度目の結婚で名言を残す,ハムスター速報
2026-06-26,https://hamusoku.com/archives/11015477.html,【旭川女子高校生殺害】内田梨瑚の引っ越し先の新居　めっちゃ豪華,ハムスター速報
2026-06-26,https://hamusoku.com/archives/11015449.html,モスバーガーさん　物価高が限界突破し5800円バーガーを作ってしまう,ハムスター速報
2026-06-26,https://hamusoku.com/archives/11015458.html,【自民党】ドリル小渕優子　公約違反を宣言「父親のお気持ちの為に消費税減税に反対」,ハムスター速報
2026-06-26,https://hamusoku.com/archives/11015445.html,北海道美女図鑑　お前らは誰と付き合いたい？,ハムスター速報
2026-06-26,https://hamusoku.com/archives/11015436.html,【ワールドカップ】韓国　サッカー日本代表に激怒「何も役に立たない日本が憎たらしい」,ハムスター速報
2026-06-26,https://hamusoku.com/archives/11015168.html,外国人犯罪をスルーして「盗まれる方が悪い」と説教してくる埼玉県警さん　オービス窃盗ニュースがきっかけで恨みリプが殺到中,ハムスター速報
2026-06-26,https://hamusoku.com/archives/11015164.html,立憲民主党・野田「定数削減やるぞ！」自民党と日本維新の会「議員定数削減法案出します！」野党発狂,ハムスター速報
2026-06-25,https://hamusoku.com/archives/11015175.html,ダックスフントさん　あまりにもかわいい,ハムスター速報
2026-06-25,https://hamusoku.com/archives/11008543.html,少年サンデーさん　あまりにも売れてなさすぎて廃刊しそう,ハムスター速報
2026-06-25,https://hamusoku.com/archives/11015161.html,オールドメディア「海苔無しおにぎりが大人気」←ふぁっ！？,ハムスター速報
2026-06-25,https://hamusoku.com/archives/11015139.html,交際経験ゼロの男性は結婚対象になるのか？　徳永有美アナウンサー「40〜50歳で交際経験ゼロと聞いたら、これまで何をどうしていたのでしょうか？とは思う。」,ハムスター速報
2026-06-25,https://hamusoku.com/archives/11008526.html,生成AI依存ワイ、泣く泣くCodexクレジットを課金(€20=約3700円),ハムスター速報
2026-06-25,https://hamusoku.com/archives/11015074.html,【コメ価格暴落】新米３０００円割れ予測　民間在庫が過去最高になりコメ倉庫に入らなくなる　JA「米の消費が思うように進まない」,ハムスター速報
2026-06-25,https://hamusoku.com/archives/11015060.html,警察「自転車追い抜き新ルール作ったら、黄色線はみだしばかりで交通違反が増えたので黄色から白色に塗り替えます！！！」,ハムスター速報
2026-06-25,https://hamusoku.com/archives/11015053.html,韓国「日本人がワールドカップでゴミ拾いしているのは韓国に負けたくないから」,ハムスター速報
2026-06-25,https://hamusoku.com/archives/11015036.html,アンチエイジングに700万円以上使った42歳女性が顔面公開した結果,ハムスター速報
2026-06-24,https://alfalfalfa.com/articles/11054121.html,【ホロライブ切り抜き】漢字の読み間違いが赤たんすぎるみこちｗｗｗｗｗｗｗｗｗｗ【PickupYoutube】,アルファルファモザイク
2026-06-24,https://hamusoku.com/archives/11006170.html,ワイ君１週間で６６時間もスマホ見てて草,ハムスター速報
2026-06-24,https://hamusoku.com/archives/11014855.html,オタと繋がり坊主になった元AKB花田藍衣さん　唐澤貴洋弁護士と共にAKB運営会社と戦っていくと宣言,ハムスター速報
2026-06-24,https://hamusoku.com/archives/11014760.html,ベイマックスのハッピーライドで踊りまくってる謎の人達←あれはなんなんだと話題に,ハムスター速報
2026-06-24,https://hamusoku.com/archives/11014851.html,ブルーロック　サッカー日本代表・堂安律選手から否定される「エゴを出したいヤツは大会が終わってからしてくれ」,ハムスター速報
2026-06-24,https://hamusoku.com/archives/11014752.html,【ワールドカップ】メキシコに行くとメキシコ美女からキスされる事が判明,ハムスター速報
2026-06-24,https://hamusoku.com/archives/11014758.html,【ディズニー悲報】外国人がそのへんに座ってカップラーメン食べるのが普通になる　ディズニーはお湯も提供し外国人カップラーメンに万全の態勢,ハムスター速報
2026-06-24,https://hamusoku.com/archives/11014749.html,最近人気のネットミーム『異常性癖公開ステップ』動画　見てると元気が出てくると話題にｗｗｗｗｗｗｗｗｗｗｗ,ハムスター速報
2026-06-24,https://hamusoku.com/archives/11014498.html,しらす「やっと生まれてきたよ、早く大きくなりたいなぁ」,ハムスター速報
2026-06-24,https://hamusoku.com/archives/11014719.html,NHK「受信料値上げの時期」,ハムスター速報
2026-06-24,https://hamusoku.com/archives/11014716.html,三上悠亜さん　個人情報流出させた友達の美容師さんを親切心で炎上させようと放火,ハムスター速報
2026-06-24,https://hamusoku.com/archives/11014608.html,【峯岸再び】オタと繋がりイチャイチャしていたAKB花田藍衣さん　軽めの坊主で反省動画「運営に坊主にしろって言われた」AKB公式「言ってない」唐澤貴洋弁護士も参戦,ハムスター速報
2026-06-23,https://alfalfalfa.com/articles/11053764.html,【ホロライブ切り抜き】配信を学びに来たリオナに容赦なく先輩の力を見せるぺこねねｗｗｗｗｗｗｗ【PickupYoutube】,アルファルファモザイク
2026-06-23,https://hamusoku.com/archives/11006112.html,ニートワイ「決めたよ…俺、働く！」,ハムスター速報
2026-06-23,https://hamusoku.com/archives/11006119.html,Threads民の48%が間違える読解力テストｗｗｗｗｗｗｗｗｗｗ,ハムスター速報
2026-06-23,https://hamusoku.com/archives/11014491.html,専業主婦さん　年収５０００万円の旦那にヤバイ事を言い出す,ハムスター速報
2026-06-23,https://hamusoku.com/archives/11014516.html,Vtuberさん「リスナー関係者をストーカー及び性犯罪者扱いして虚偽の情報を周りに拡散しました！バレたのでVtuberやめます！！！」←ふぁ！？,ハムスター速報
2026-06-23,https://hamusoku.com/archives/11014501.html,【旭川女子高生殺害事件】内田梨瑚に娘を殺された遺族　裁判所の判決に納得できないのが伝わってくる,ハムスター速報
2026-06-23,https://hamusoku.com/archives/11014176.html,猫　長くてかわいい,ハムスター速報
2026-06-23,https://hamusoku.com/archives/11014466.html,京都市南区の食料品販売会社・葱保さん「中国産のネギを九条ねぎと偽装して売ったら儲かるやろなぁ」,ハムスター速報
2026-06-23,https://hamusoku.com/archives/11014449.html,ワールドカップ商法で媚びたブルーロックさん　サッカー日本代表をバカにしまくった過去がブーメラン「川島（ミス）すんなよー」,ハムスター速報
2026-06-23,https://hamusoku.com/archives/11014157.html,【認知症】グルコサミン　アルツハイマー病の進行早めるリスクが指摘される,ハムスター速報
2026-06-22,https://hamusoku.com/archives/11014246.html,【旭川女子高生殺害事件】内田梨瑚　懲役27年判決について被害者遺族「残忍で想像を絶するほどの苦痛を受けて命を失った娘への罪が、こんなに軽いものなのかと」,ハムスター速報
2026-06-22,https://hamusoku.com/archives/11014168.html,NHK「NHK受信料はサービスの利用料や視聴の対価ではない」見る人だけが料金を支払う”スクランブル化”にコメント,ハムスター速報
2026-06-22,https://hamusoku.com/archives/11014169.html,ローラさん　拒食症・うつ病・パニック障害を発症し”上の歯”のほとんどが無くなっていた,ハムスター速報
2026-06-22,https://hamusoku.com/archives/11014172.html,【高市陣営中傷記事】週刊文春が声紋鑑定した証拠音声　捏造疑惑が浮上,ハムスター速報
2026-06-22,https://hamusoku.com/archives/11014167.html,内田梨瑚　懲役27年,ハムスター速報
2026-06-22,https://hamusoku.com/archives/11014144.html,埼玉県警　外国人によるエアコン窃盗は放置なのにオービス窃盗だけは全力で探す事が判明ｗｗｗｗｗｗｗｗｗｗｗｗｗｗｗｗ,ハムスター速報
2026-06-22,https://hamusoku.com/archives/11014136.html,サッカー日本代表サポーターが婚活に励んでいる中で中村敬斗選手の婚活相手がこちら,ハムスター速報
2026-06-22,https://hamusoku.com/archives/11014135.html,【ワールドカップ】サッカー日本代表の試合　婚活の場として最高だと話題に,ハムスター速報
2026-06-22,https://hamusoku.com/archives/11014126.html,【茨城】飯岡屋水産のベトナム人従業員が大洗海岸でハマグリを大量に密漁していた事についてコメント「勤務時間外の事だから知りません」,ハムスター速報
2026-06-21,https://hamusoku.com/archives/11014032.html,【高市陣営中傷記事】週刊文春と共同通信　また裏取りもせずデマを拡散していた事が判明してしまう,ハムスター速報
2026-06-21,https://hamusoku.com/archives/11006098.html,ラーメン屋店主「席、こっちだよ」「ドア締めて」←何故か客が激怒してレビューを投稿してしまう,ハムスター速報
2026-06-21,https://hamusoku.com/archives/11013421.html,昔あったけど今はもう無いお店,ハムスター速報
2026-06-21,https://hamusoku.com/archives/11013917.html,【マンジャロダイエット】マンジャロ愛用中の女性に粗品「自分が相当キモい人間という自覚はありますか？マンジャロで痩せようとしてる人間はキモい」,ハムスター速報
2026-06-21,https://hamusoku.com/archives/11013943.html,バキ童さん破局　道徳の教科書に載せるべきだと話題に,ハムスター速報
2026-06-21,https://hamusoku.com/archives/11013916.html,長井秀和さん「創価学会・いさ進一が訪れる場所場所に、同一人物が領収証の記載をするという奇跡。亡き師匠・池田大作大先生に御報告しなきゃ。」,ハムスター速報
2026-06-21,https://hamusoku.com/archives/11013409.html,日本人「iPhone値上げに耐えられない！もうAndroidにする！」,ハムスター速報
2026-06-21,https://hamusoku.com/archives/11013913.html,自衛隊を侮辱し職業差別する立憲民主党　古賀千景に続いて石田寛「自衛隊が町歩けば観光に影響する」,ハムスター速報
2026-06-21,https://hamusoku.com/archives/11013908.html,立憲民主党・古賀千景（日教組）で学ぶ『日教組による自衛官の子いじめ』の歴史,ハムスター速報
2026-06-21,https://hamusoku.com/archives/11013717.html,赤い羽根募金で１億８千万円ゲットした事務局長　初音ミクコラボを成功させ稼ぎまくっていた,ハムスター速報
2026-06-20,https://alfalfalfa.com/articles/11052632.html,【ホロライブ切り抜き】スバル莉々華ぺこら限界飯を傍で見てたら怯えたぺこらが助けを求めてきた話ｗｗｗｗｗｗ【PickupYoutube】,アルファルファモザイク
2026-06-20,https://alfalfalfa.com/articles/11052803.html,「いいの？前科ついちゃうよ」万引きした女子大学生から10万円を脅し取ったか 元コンビニ店長の男（53）逮捕,アルファルファモザイク
2026-06-20,https://hamusoku.com/archives/11013766.html,イーロンマスクがハリウッド女優を口説いたときの言葉「俺のデカいロケットを見てくれ」,ハムスター速報
2026-06-20,https://hamusoku.com/archives/11013418.html,【急募】尻から観葉植物抜けなくなった,ハムスター速報
2026-06-20,https://hamusoku.com/archives/11013689.html,【週刊文春】捏造記事のネタ元・AI動画作成者の松井健さん「国民民主党を落選させたのは俺だ」「高市を総裁にしたのも俺だ」←これを信じた週刊文春さん　頭大丈夫かと話題に,ハムスター速報
2026-06-20,https://hamusoku.com/archives/11013684.html,森保監督・香川選手・本田選手等をボロクソに扱っていたブルーロックさん　ワールドカップにすりよっていてダサすぎると話題に,ハムスター速報
2026-06-20,https://hamusoku.com/archives/11013649.html,【ワールドカップ】日本人サポーターの民度　フランスのテレビ局で絶賛される「敬意や共同体という観点においてこの行動は非常に驚くべきこと」,ハムスター速報
2026-06-20,https://hamusoku.com/archives/11011876.html,【悲報】山登り趣味危険すぎる,ハムスター速報
2026-06-20,https://hamusoku.com/archives/11013646.html,埼玉県警「外国人にエアコン室外機を盗まれるのは盗難防止対策していない日本人が悪い」←埼玉県警　オービスを盗まれるｗｗｗｗｗｗｗｗ,ハムスター速報
2026-06-20,https://hamusoku.com/archives/11013645.html,【第120回医師国家試験　必修】25歳男性研修医。初期研修医2年目。結婚を目的に婚活パーティーに参加した。交際相手として最も適切なのはどれか。,ハムスター速報
2026-06-20,https://hamusoku.com/archives/11013641.html,【習近平ありがとう】中国政府　日本経済にマイナスの影響を与える中国人観光客を阻止,ハムスター速報
2026-06-19,https://hamusoku.com/archives/11013420.html,【モスクワ】ロシアさん　今日もウクライナにフルボッコにされ大爆発炎上中　ＣＮＮ「プーチンのシェルターを破壊する勢い」,ハムスター速報
2026-06-19,https://hamusoku.com/archives/11013340.html,【淫夢マック】淫夢営業のマクドナルド　バーガーキングに負けそう,ハムスター速報
2026-06-19,https://hamusoku.com/archives/11013345.html,【ナマポ】東京都で生活保護受給者達「生活保護が少ない！美容院に行けないんですけど！？」ガチギレして集団で東京都を訴える,ハムスター速報
2026-06-19,https://hamusoku.com/archives/11013343.html,NHKスペシャルでロールスロイスやキャデラックを自慢していた帰化中国人さん　当たり前のように犯罪やってて逮捕される　NHKは削除して逃亡,ハムスター速報
2026-06-19,https://hamusoku.com/archives/11013335.html,【悲報】中国人団体観光客が日本旅行を再開してしまう　経済評論家「中国人が来るのは日本経済にマイナス影響」,ハムスター速報
2026-06-19,https://hamusoku.com/archives/11013322.html,【カルテル】ロッテさん　便乗値上げで値上げしまくっていたことがバレる,ハムスター速報
2026-06-19,https://hamusoku.com/archives/11013314.html,【女芸人No.1】日テレ「THE W」あまりにもつまらないので番組そのものが消される,ハムスター速報
2026-06-19,https://hamusoku.com/archives/11013030.html,クソ坊主が金儲けするだけの墓ビジネスに嫌気が差した人達の間で海洋散骨がブームに,ハムスター速報
2026-06-19,https://hamusoku.com/archives/11013291.html,自衛隊への職業差別をする立憲民主党・古賀千景が議員辞職するまで拡散する運動　始まる,ハムスター速報
2026-06-19,https://hamusoku.com/archives/11012768.html,看護師「ベッド上で動けず、胃ろうと点滴で命を繋いでる患者さん。ご家族からは『亡くなったらお電話を』とだけ伝えられてる。」,ハムスター速報
2026-06-18,https://hamusoku.com/archives/11013089.html,自衛隊を馬鹿にし職業差別をする立憲民主党に対しパリオリンピック金メダリスト・鏡優翔選手「私は父のこと誇りに思ってる」,ハムスター速報
2026-06-18,https://hamusoku.com/archives/11012968.html,カーチャン「東京に住む息子に食品送ったろ！！！」,ハムスター速報
2026-06-18,https://hamusoku.com/archives/11012998.html,【ロシア負けそう】ロシアの首都モスクワ　ウクライナによってボコボコに破壊される,ハムスター速報
2026-06-18,https://hamusoku.com/archives/11012972.html,中道・立憲・公明党　週刊文春のＡＩ捏造記事を見ながら合同勉強会を開催ｗｗｗｗｗｗｗｗｗｗｗｗ,ハムスター速報
2026-06-18,https://hamusoku.com/archives/11012976.html,【大阪】グリ下の薬屋さん　生活保護で２万錠の向精神薬などの薬を無料で手に入れ転売して稼ぎまくる,ハムスター速報
2026-06-18,https://hamusoku.com/archives/11012966.html,EU議会　不法滞在移民の強制送還を厳格化する法案を可決 「あの犯罪者のクソ移民共を送り返せ」議員達がチャント,ハムスター速報
2026-06-18,https://hamusoku.com/archives/11012950.html,【高市陣営中傷動画報道】AI捏造動画でデマ記事を作っていた週刊文春さん　AI捏造動画を作成した松井健に釣られまくってて恥ずかしすぎると話題に,ハムスター速報
2026-06-18,https://hamusoku.com/archives/11012944.html,自衛隊をバカにして職業差別をする立憲民主党　なぜか朝鮮学校の為に全力で動いていた事が判明,ハムスター速報
2026-06-18,https://hamusoku.com/archives/11012773.html,絶対に買いたくないお土産選手権　最優秀賞,ハムスター速報
2026-06-18,https://hamusoku.com/archives/11012772.html,ヴィーガンの人に「飼っている猫や犬にはお肉や魚をあげているんですか？」と聞いた結果,ハムスター速報
2026-06-17,https://alfalfalfa.com/articles/11051707.html,【ホロライブ切り抜き】ホロメンの辛辣発言を掘り続けたら強ワードだらけだった170連発wwwwwwwwww【PickupYoutube】,アルファルファモザイク
2026-06-17,https://alfalfalfa.com/articles/11051755.html,【大悲報】給食にお茶、不評だった,アルファルファモザイク
2026-06-17,https://alfalfalfa.com/articles/11051745.html,【悲報】イーロン・マスク、リツイート　→「イギリスで生まれる赤ちゃんの名前…」,アルファルファモザイク
2026-06-17,https://hamusoku.com/archives/11012763.html,ATM婚した結果ｗｗｗｗｗｗｗｗｗｗｗ,ハムスター速報
2026-06-17,https://hamusoku.com/archives/11012777.html,中国人が脱税して稼ぐだけになっている『民泊事業』←通報しまくれば禁止に追い込めるようになる,ハムスター速報
2026-06-17,https://hamusoku.com/archives/11005871.html,孤独の死亡リスク　高すぎる,ハムスター速報
2026-06-17,https://hamusoku.com/archives/11012762.html,立憲民主党・古賀千景「自衛隊なんかに入る子供たちは貧乏人」←大炎上にびびった立憲国対委員長「注意しときました！これで終わり終わり！セーフ！！！！」,ハムスター速報
2026-06-17,https://hamusoku.com/archives/11012400.html,【ハンターハンター】クラピカが船に乗って１０年が経過ｗｗｗｗｗｗｗｗｗｗｗｗ,ハムスター速報
2026-06-17,https://hamusoku.com/archives/11012681.html,セルフレジ導入したお店「万引き増えたから監視カメラ増やして従業員の監視時間も増やします！万引き対策コストがかかったので商品値上げします！！！」←これ,ハムスター速報
2026-06-17,https://hamusoku.com/archives/11012685.html,高齢婚活女子・中野綾香プロ　普通にフラれる,ハムスター速報
2026-06-17,https://hamusoku.com/archives/11012666.html,２０代の７割・３０代の６割がテレビを見ない時代に,ハムスター速報
2026-06-17,https://hamusoku.com/archives/11012393.html,【鳥貴族】ジャニーズ大倉忠義「デートでチェーン店嫌だって人が苦手」女性陣発狂,ハムスター速報
2026-06-16,https://alfalfalfa.com/articles/11051424.html,キオクシア「正月に100万円分株買ってたら今859万円です」,アルファルファモザイク
2026-06-16,https://alfalfalfa.com/articles/11051358.html,【ホロライブ切り抜き】フブさんの配信枠なのを良い事に好き放題暴れる無敵のガキ達とそれに乗っかるノリノリなお姉さんチームｗ【PickupYoutube】,アルファルファモザイク
2026-06-16,https://alfalfalfa.com/articles/11051417.html,日本人「さぁサッカーの試合終わったからゴミ拾いして帰るぞ！」謎の勢力「うわぁ気持ち悪い」,アルファルファモザイク
2026-06-16,https://alfalfalfa.com/articles/11051414.html,【悲報】セブンイレブンさん、塩むすび135円（税別）をひっそりと白黒パッケージで発売ｗｗｗｗｗ,アルファルファモザイク
2026-06-16,https://alfalfalfa.com/articles/11051408.html,【画像】イギリスで大人気の「日本のカツカレー」、なんか違うｗｗｗｗｗｗｗｗｗｗ,アルファルファモザイク
2026-06-16,https://alfalfalfa.com/articles/11051361.html,X民「中国人が日本人を嫌う理由と、日本人が中国人を嫌う理由は全然違う」【HotTweets】,アルファルファモザイク
2026-06-16,https://hamusoku.com/archives/11012419.html,イギリス　16歳未満のSNS禁止へ「SNSがいじめを助長し、宿題や読書、友人との遊び、適切な時間の就寝を妨げる」,ハムスター速報
2026-06-16,https://hamusoku.com/archives/11012506.html,週刊文春さん　高市陣営中傷動画報道の捏造報道を認めて記事削除　謝罪なし,ハムスター速報
2026-06-16,https://hamusoku.com/archives/11012481.html,クソNPOの資金源になっている赤い羽根募金　事務局長による横領金額がどんどん増え１億８千万円に,ハムスター速報
2026-06-16,https://hamusoku.com/archives/11012451.html,ホスト「月末のタワー予定通りお願いしていいよね？２５００万円でいけない？」ホス狂界隈の金銭感覚　ヤバすぎると話題に,ハムスター速報
2026-06-16,https://hamusoku.com/archives/11012432.html,【便乗値上げ企業】明治　森永乳業　ロッテ　江崎グリコ　森永製菓　赤城乳業　アイス価格引き上げでカルテル疑惑が浮上,ハムスター速報
2026-06-16,https://hamusoku.com/archives/11011290.html,夜中に回し車で黄昏るハムスターさん　かわいい,ハムスター速報
2026-06-16,https://hamusoku.com/archives/11012409.html,【ワールドカップ】オランダ代表の日本戦でのラフプレー　海外勢もドン引き「私が今まで見た中で最も汚いプレーの一つ」,ハムスター速報
2026-06-16,https://hamusoku.com/archives/11012389.html,ワールドカップ商法で炎上中のDAZNさん　アスリートをバカにする根っからのクズだった,ハムスター速報
2026-06-16,https://hamusoku.com/archives/11012383.html,不法就労通報報奨金制度が始まった茨城県　今年の３月に現職を破って当選した下妻市の須藤豊次市長が遺書無しで排水路で首吊り　茨城県警「これは絶対に自殺！」事件性無しと即決,ハムスター速報
2026-06-16,https://hamusoku.com/archives/11012131.html,【就活の闇】彼氏の内定先でホールドするかリリースするかチェック,ハムスター速報
2026-06-15,https://alfalfalfa.com/articles/11051014.html,【ホロライブ切り抜き】白上フブキ「ゆ、ゆるしてニキーｗｗｗｗｗｗｗｗｗｗｗｗｗｗｗｗｗｗ」【PickupYoutube】,アルファルファモザイク
2026-06-15,https://alfalfalfa.com/articles/11051075.html,【悲報】新品種「紅プリンセス」が中国に流出、差し止め不能,アルファルファモザイク
2026-06-15,https://alfalfalfa.com/articles/11051068.html,タイミー「お金貸すよ！タイミーで働いて返してくれればいいよ」,アルファルファモザイク
2026-06-15,https://hamusoku.com/archives/11012178.html,【悲報】菓子パン等の精製された炭水化物を食べるとブサイクになる,ハムスター速報
2026-06-15,https://hamusoku.com/archives/11012169.html,週刊文春と一緒に『高市政権の支持率下げてやる』と捏造記事を出していた共同通信　デマ報道を認める「提供された動画の内容確認が不十分でした」,ハムスター速報
2026-06-15,https://hamusoku.com/archives/11012128.html,【ワールドカップ商法】DAZN「年間プラン詐欺にひっかかった奴らなら、もう一回ひっかかるんじゃね？」,ハムスター速報
2026-06-15,https://hamusoku.com/archives/11012098.html,【文春砲（笑）】週刊文春さん　『高市陣営が作成した中傷動画問題』第二弾でも証拠動画を捏造していたことが判明　捏造した記事を有料販売,ハムスター速報
2026-06-15,https://hamusoku.com/archives/11012080.html,明日花キララさん　フィルター加工されてない状態の写真が怖すぎると話題に,ハムスター速報
2026-06-15,https://hamusoku.com/archives/11012072.html,立憲民主党「自衛隊に行く子供たちって経済的に厳しい子供たちが行くんですよ　豊かな子供たちは自衛隊とかなりませんよ」大炎上中,ハムスター速報
2026-06-15,https://hamusoku.com/archives/11012041.html,【創価学会直伝】中道・いさ進一議員　全国の経営者や個人事業主達に節税手法を公開「スーパーで食材を買っておもてなしすれば経費算入できます」【政治とカネ】,ハムスター速報
2026-06-15,https://hamusoku.com/archives/11012045.html,ディズニーさん　人間だけでなく車の駐車料金も値上げ,ハムスター速報
2026-06-15,https://hamusoku.com/archives/11012037.html,【中道改革連合】デマ拡散と政治資金規正法違反疑惑で炎上中のいさ進一議員　疑惑に一切答えない長文ポストを投稿してしまいツッコミが殺到中【疑惑は深まった】,ハムスター速報
2026-06-15,https://hamusoku.com/archives/11004333.html,ゲーム「オープンワールドです！クラフト要素もあります！自由です！」 ワイ「じゃあいいです・・・」,ハムスター速報
2026-06-14,https://alfalfalfa.com/articles/11050707.html,【悲報】あのちゃんの温泉グラビア、刺さる層が限定的すぎると話題に……【Pickup】,アルファルファモザイク
2026-06-14,https://alfalfalfa.com/articles/11050758.html,米国人女性の4割が「外国に永住したい」　医療費など高騰,アルファルファモザイク
2026-06-14,https://alfalfalfa.com/articles/11050734.html,【悲報】コムドット・やまと、今まで読んできた本の数を自慢するも…東大理三ユーチューバー「人生トータルで500冊？あかん、冷笑してまう」,アルファルファモザイク
2026-06-14,https://alfalfalfa.com/articles/11050726.html,【悲報】麻生太郎、全方位からクッソ叩かれ始めるWWWWWWWWWWWWWWWWWWWWWWWWWWWWWWWW,アルファルファモザイク
2026-06-14,https://alfalfalfa.com/articles/11050510.html,【悲報】文春さん、“独占入手動画”に時系列がおかしい疑惑が浮上　→ネット民「これ捏造では？」 【HotTweets】,アルファルファモザイク
2026-06-14,https://hamusoku.com/archives/11011907.html,デマをばらまき炎上中の中道・いさ進一議員　政治資金規正法違反の疑惑で再炎上へ,ハムスター速報
2026-06-14,https://hamusoku.com/archives/11011869.html,部長「管理職にならない？」ワイ「なりたくないです」,ハムスター速報
2026-06-14,https://hamusoku.com/archives/11011821.html,【海外出稼ぎ】日本人女性　ニュージーランド旅行に行き留置所送り→6時間以上尋問と薬物検査をされ入国拒否　日本へ強制送還される　セクシー女優だからなのか？と話題に,ハムスター速報
2026-06-14,https://hamusoku.com/archives/11011819.html,婚活男性「どっちの女性を選ぶべきか意見欲しいです」,ハムスター速報
2026-06-14,https://hamusoku.com/archives/11011676.html,マンジャロダイエットした結果,ハムスター速報
2026-06-14,https://hamusoku.com/archives/11011675.html,ふるさと納税　中抜き会社にチューチューされて赤字863億円,ハムスター速報
2026-06-14,https://hamusoku.com/archives/11011674.html,ブルーロック2期←音声付きパワポ扱いされてしまうｗｗｗｗｗｗｗｗｗｗ,ハムスター速報
2026-06-14,https://hamusoku.com/archives/11011673.html,ワールドカップ商法で炎上中のDAZN「解約したいなら１秒以内にチャット返信しろ」,ハムスター速報
2026-06-14,https://hamusoku.com/archives/11003368.html,ワイの同期、社内いじめで会社を辞めそう,ハムスター速報
2026-06-14,https://hamusoku.com/archives/11003365.html,馬鹿「エビデンス！アジェンダ！フィックス！」ワイ「アホくさ笑」,ハムスター速報
2026-06-13,https://alfalfalfa.com/articles/11050400.html,【ホロライブ切り抜き】スバルと会話しながら帰るぺこらと常人の三倍の速さでご飯食べるすいちゃんｗｗｗｗｗｗｗｗｗｗｗｗｗｗｗ【PickupYoutube】,アルファルファモザイク
2026-06-13,https://alfalfalfa.com/articles/11050411.html,【画像】杉本彩(57)の最新の姿ｗｗｗｗｗｗｗｗ,アルファルファモザイク
2026-06-13,https://alfalfalfa.com/articles/11050408.html,【画像】ワークマンのスニーカー、あまりにもHOKAすぎる,アルファルファモザイク
2026-06-13,https://alfalfalfa.com/articles/11050134.html,【画像】テレビに眼鏡女子　←くっそかわいいと話題にｗｗ【Pickup】,アルファルファモザイク
2026-06-13,https://alfalfalfa.com/articles/11050396.html,【速報】米イラン24時間内に和平合意とパキスタン,アルファルファモザイク
2026-06-13,https://alfalfalfa.com/articles/11050379.html,【速報】DAZN　謝罪・返金発表,アルファルファモザイク
2026-06-13,https://alfalfalfa.com/articles/11050364.html,【画像】岡田紗佳の中国人の母親wwwwwwwwwwww,アルファルファモザイク
2026-06-13,https://hamusoku.com/archives/11011668.html,【文春砲（笑）】週刊文春さん　ガチの妄想で捏造記事を作っていた事が判明【支持率下げてやる】,ハムスター速報
2026-06-13,https://hamusoku.com/archives/11011294.html,ハムスターさん　野生で生きていけるのか謎すぎると話題に,ハムスター速報
2026-06-13,https://hamusoku.com/archives/11011597.html,「ナフサを目詰まりさせて高値に釣りあげていた企業終わりへ」ナフサ価格急落＋メーカー直接販売スキーム構築で目詰まり企業が一気にオワコン化,ハムスター速報
2026-06-13,https://hamusoku.com/archives/11011595.html,DAZNのワールドカップ商法「月980円の記載が実は年間契約2万6340円プラン」が炎上中　社長はTwitter Japanの元社長という納得のオチ,ハムスター速報
2026-06-13,https://hamusoku.com/archives/11011592.html,小学館編集部によるドラえもん畜生エピソード「野比家を一軒家ではなくマンションにしようぜ」,ハムスター速報
2026-06-13,https://hamusoku.com/archives/11011579.html,絶対に募金してはいけない事でお馴染みの『赤い羽根共同募金』　事務局長が１億円ゲット,ハムスター速報
2026-06-13,https://hamusoku.com/archives/11011297.html,インスタリールのパンティ動画界隈の闇,ハムスター速報
2026-06-13,https://hamusoku.com/archives/11011293.html,キャバクラ嬢さん　東大入試より難しい毎日を送っていた,ハムスター速報
2026-06-13,https://hamusoku.com/archives/11011549.html,週刊文春の高市陣営中傷動画報道で証拠捏造疑惑　共同通信は夜中にこっそり削除　文春砲に釣られたオールドメディアが逃亡開始,ハムスター速報
2026-06-13,https://hamusoku.com/archives/11011289.html,【家族葬詐欺】日本全国で葬儀社ぼったくり事案が発生中,ハムスター速報
2026-06-12,https://alfalfalfa.com/articles/11050077.html,クマ捕獲　「殺さないでくれ」「山に逃がせ」役所に電話殺到で担当者は疲弊,アルファルファモザイク
2026-06-12,https://alfalfalfa.com/articles/11050061.html,【画像】vaundy「俺が不細工とか、言われなくても知ってる」,アルファルファモザイク
2026-06-12,https://alfalfalfa.com/articles/11050058.html,【悲報】日本、韓国のTPP加盟を支持する見通し,アルファルファモザイク
2026-06-12,https://alfalfalfa.com/articles/11050031.html,【悲報】少年野球のコーチの男（23)、とんでもない頭脳プレイで教え子にわいせつ,アルファルファモザイク
2026-06-12,https://alfalfalfa.com/articles/11049776.html,【画像】めちゃくちゃいい匂いがしそうな山手線がこちらwwwwwww【Pickup】,アルファルファモザイク
2026-06-12,https://hamusoku.com/archives/11010943.html,【ネットリテラシー】ネットにハムスター写真をアップする前に”ハムスターの瞳に人の顔が写ってないか”調べた結果,ハムスター速報
2026-06-12,https://hamusoku.com/archives/11011284.html,【高齢婚活女子】浮気を許せる男を求める中野綾香プロ　植草美幸アドバイザーからガチギレされてしまう,ハムスター速報
2026-06-12,https://hamusoku.com/archives/11003062.html,食品(菓子類)工場勤務ワイ、やらかす…,ハムスター速報
2026-06-12,https://hamusoku.com/archives/11011287.html,小学館編集部　ガチのクズすぎて藤子・F・不二雄プロを激怒させ『ドラえもん』終了へ,ハムスター速報
2026-06-12,https://hamusoku.com/archives/11010973.html,【激臭】夢のダイエット薬のように扱われているマンジャロ←臭い上にヤバかった,ハムスター速報
2026-06-12,https://hamusoku.com/archives/11011260.html,サカナクション山口一郎さん「サブスクリプションで三億再生されたって何の意味もないから。」←サブスク収益について語る←あまりにも少なすぎるだろと話題に,ハムスター速報
2026-06-12,https://hamusoku.com/archives/11010748.html,セブンイレブンさん　原価５円くらいの新商品を発売ｗｗｗｗｗｗｗｗｗｗｗｗｗｗ,ハムスター速報
2026-06-12,https://hamusoku.com/archives/11011246.html,貯金2600万円ある障害者「障害年金22万円支給されました！毎日満員電車で頑張る労働者の皆さん！私を支えてくれて本当にありがとう！🙏」,ハムスター速報
2026-06-11,https://alfalfalfa.com/articles/11049701.html,相模原河川敷JK（17）殺人事件、元交際相手（19）を逮捕,アルファルファモザイク
2026-06-11,https://alfalfalfa.com/articles/11049677.html,高市内閣「河野談話を継承する」,アルファルファモザイク
2026-06-11,https://alfalfalfa.com/articles/11049421.html,【悲報】高市陣営の中傷動画を追求する中道・いさ進一議員、衆院解散当日に他党を揶揄する「AI中傷動画」を絶賛拡散していた事が発覚し大炎上  → ﾈｯﾄ「ダブスタすぎｗ」【HotTweets】,アルファルファモザイク
2026-06-11,https://alfalfalfa.com/articles/11049655.html,【悲報】サラリーマンの外食ランチ代は平均1338円ｗｗｗｗｗｗｗｗ,アルファルファモザイク
2026-06-11,https://hamusoku.com/archives/11010416.html,丸亀製麺「青唐おろしうどん激辛です！！！気をつけて！！！」ワイ「ほーん笑」,ハムスター速報
2026-06-11,https://hamusoku.com/archives/11011044.html,高市政権　７月の原油代替調達１００％に　ホルムズ海峡経由せず,ハムスター速報
2026-06-11,https://hamusoku.com/archives/11010951.html,【ポケモンカード】メルカリ　ポケカの空箱すら9000円で売れる時代に,ハムスター速報
2026-06-11,https://hamusoku.com/archives/11010650.html,ハムスターさん　かぼちゃを食べながら変顔してかわいいｗｗｗｗ,ハムスター速報
2026-06-11,https://hamusoku.com/archives/11010981.html,高齢婚活女子・中野綾香プロ「長い人生で浮気する事もあるじゃん、それを許せない男はアウト」,ハムスター速報
2026-06-11,https://hamusoku.com/archives/11010966.html,【北アイルランド】アフリカ系外国人移民が白人男性の首を切り落とそうと襲撃　激怒した地元住民が武装し移民宅を一つ一つ襲撃　暴動が拡大炎上中,ハムスター速報
2026-06-11,https://hamusoku.com/archives/11010953.html,日本商工会議所「俺達が移民受け入れてガンガン儲けるから、その教育コストはお前ら日本人の税金でよろしくぅ！！！」大炎上中,ハムスター速報
2026-06-11,https://hamusoku.com/archives/11010937.html,シャインマスカットに続いて日本が２０年かけて開発した高級かんきつ「紅プリンセス」中国に盗まれる,ハムスター速報
2026-06-11,https://hamusoku.com/archives/11010934.html,セブンイレブン新社長「売上絶対に上げなきゃ！スムージー半額にしたら乞食祭りやろなぁ！！！」←頭おかしい人間が殺到して現場が一列大炎上中ｗｗｗｗｗｗｗｗｗｗｗｗ,ハムスター速報
2026-06-11,https://hamusoku.com/archives/11010665.html,めちゃカワJK「クラスの男子、身長低すぎ！ミルク飲んで背を伸ばしてこーい！」,ハムスター速報
2026-06-11,https://hamusoku.com/archives/11010743.html,【旭川女子高生殺害】内田梨瑚に対し女子高生の母親「仇討ちが許される時代ならすべて同じ目にあわせてやりたい」,ハムスター速報
2026-06-10,https://alfalfalfa.com/articles/11049299.html,【ホロライブ切り抜き】僕のキノコに過剰に反応するヴィヴィをどう思うかアーニャに相談するぺこーら【PickupYoutube】,アルファルファモザイク
2026-06-10,https://alfalfalfa.com/articles/11049354.html,【悲報】迷惑系コスプレイヤー、ポケパークで炎上するｗｗｗｗｗ,アルファルファモザイク
2026-06-10,https://alfalfalfa.com/articles/11049350.html,【悲報】LUUP、都内で初の死亡事故発生……ひろゆき「時間の問題と言われてたけど　案の定…」,アルファルファモザイク
2026-06-10,https://alfalfalfa.com/articles/11049342.html,【悲報】阿部がいなくなった巨人さん…,アルファルファモザイク
2026-06-10,https://alfalfalfa.com/articles/11049302.html,【画像】身長180cmの女さんｗｗｗｗｗｗｗｗｗｗｗｗｗｗｗｗｗ【Pickup】,アルファルファモザイク
2026-06-10,https://alfalfalfa.com/articles/11049334.html,【悲報】Microsoft「Xboxのサブスクの値段を倍にしたら数百万人が解約しました…」,アルファルファモザイク
2026-06-10,https://hamusoku.com/archives/11010752.html,クマ界におんjがあったら建ちそうなスレ,ハムスター速報
2026-06-10,https://hamusoku.com/archives/11010756.html,【高度人材】茨城県で３００台以上の盗難ハイエースを海外に輸出しまくっていたヤード経営の外国人移民　ニコニコ笑顔で日本人を煽る,ハムスター速報
2026-06-10,https://hamusoku.com/archives/11010670.html,ジャングリア沖縄「・・・追加融資の２０億円も溶けました・・・今年で潰れそうです」←刀・森岡毅とかいう無能,ハムスター速報
2026-06-10,https://hamusoku.com/archives/11010735.html,新名神6人死亡事故　TikTok料理動画が原因だった,ハムスター速報
2026-06-10,https://hamusoku.com/archives/11010695.html,海外民　日本の女子刑務所の豪華さに衝撃を受ける「日本人が刑務所に入りたくて事件を起こすのもわかるわ」「だから、みんな刑務所に入ろうとしてるんだね」,ハムスター速報
2026-06-10,https://hamusoku.com/archives/11010689.html,日本保守党・北村晴男議員「生活保護の外国人が無料で体外受精」「特に中国籍の人が多く、韓国籍、スリランカの人も比較的多い」←日本人の税金で外国人が妊娠している現実,ハムスター速報
2026-06-10,https://hamusoku.com/archives/11010674.html,【FIFA2026】北中米ワールドカップ　史上最悪の大会になりそうで草,ハムスター速報
2026-06-10,https://hamusoku.com/archives/11010667.html,中道改革連合・いさ進一議員　高市政権を叩く為にデマを流す,ハムスター速報
2026-06-10,https://hamusoku.com/archives/11010653.html,高齢婚活女子・中野綾香プロ　うどんを料理するだけで特級呪物としての片鱗を見せつける,ハムスター速報
2026-06-09,https://alfalfalfa.com/articles/11048915.html,【上手すぎて鳥肌】ファン投票で選ばれたホロ史に残る神プレイBEST10【PickupYoutube】,アルファルファモザイク
2026-06-09,https://alfalfalfa.com/articles/11049008.html,【悲報】中国の人口、ヤバいｗｗｗｗｗｗｗ,アルファルファモザイク
2026-06-09,https://alfalfalfa.com/articles/11048990.html,【悲報】日銀利上げ確定したのに全くドル円が反応しない,アルファルファモザイク
2026-06-09,https://alfalfalfa.com/articles/11048829.html,『ニンテンドーダイレクト』6月9日（火）23時から配信開始！【HotTweets】,アルファルファモザイク
2026-06-09,https://hamusoku.com/archives/11010413.html,ホリエモンは何故狂ってしまったのか？,ハムスター速報
2026-06-09,https://hamusoku.com/archives/11010438.html,ハムスターさん　床材から出てきてかわいい,ハムスター速報
2026-06-09,https://hamusoku.com/archives/11010482.html,やよい軒のアルバイトが目撃した”ごはんおかわり自由”の闇,ハムスター速報
2026-06-09,https://hamusoku.com/archives/11010419.html,女性「弱者男性がキモいのは努力不足。なぜなら……」,ハムスター速報
2026-06-09,https://hamusoku.com/archives/11010467.html,【高度人材】警視庁「もう僕たちでは外国人犯罪者に対応できません！”イボ語”の通訳できる人急募！！！」,ハムスター速報
2026-06-09,https://hamusoku.com/archives/11010446.html,長崎の被爆者団体さん　辺野古沖転覆事故に指導した文部科学省に抗議「平和教育の実践活動を萎縮させる」,ハムスター速報
2026-06-09,https://hamusoku.com/archives/11010410.html,ナフサ不足デマだった　TOTO「ナフサあります」旭化成「中間業者が買い占めてました」煽りまくっていたTBS報道特集・境野春彦「・・・」,ハムスター速報
2026-06-09,https://hamusoku.com/archives/11010396.html,【旭川女子高校生殺害】懲役２７年求刑で話題の内田梨瑚が入所予定の女子刑務所←至れり尽くせりの天国だった,ハムスター速報
2026-06-09,https://hamusoku.com/archives/11010395.html,巨人・阿部慎之助前監督　娘への暴行の疑いで書類送検,ハムスター速報
2026-06-08,https://alfalfalfa.com/articles/11048536.html,【ホロライブ切り抜き】みこち金策マイクラ途中の夜スバルフブキと一蘭でスイカ人狼なってた話ｗｗｗ【PickupYoutube】,アルファルファモザイク
2026-06-08,https://alfalfalfa.com/articles/11048663.html,【悲報】日清「スパ王」など値上げｗｗｗｗｗｗｗｗｗｗｗ,アルファルファモザイク
2026-06-08,https://alfalfalfa.com/articles/11048657.html,若者に調査『生まれ変わったらどの国に生まれたい？』 1位日本、2位韓国、3位米国,アルファルファモザイク
2026-06-08,https://alfalfalfa.com/articles/11048383.html,【画像】スマホゲー『NIKKE』、上下を同時に見せる天才的構図を発明してしまうｗｗｗｗｗ【HotTweets】,アルファルファモザイク
2026-06-08,https://alfalfalfa.com/articles/11048635.html,【超朗報】セクシー声優・井口裕香(37)「私はファンを裏切って結婚したりしない」,アルファルファモザイク
2026-06-08,https://alfalfalfa.com/articles/11048640.html,【画像】安倍晋三の銅像、お披露目,アルファルファモザイク
2026-06-08,https://hamusoku.com/archives/11003061.html,ワイ「総支給41万か、振込は35万くらいやろな(ほんとは37万くらいやろww)｣,ハムスター速報
2026-06-08,https://hamusoku.com/archives/11010157.html,男が身に着けるバッグの正解が無いと話題に　どんなバッグでも叩かれる現実,ハムスター速報
2026-06-08,https://hamusoku.com/archives/11010158.html,【静岡促成株式会社】中国産の白ネギを長野県産・青森県産・茨城県産と産地偽装して販売　総量6.8トン,ハムスター速報
2026-06-08,https://hamusoku.com/archives/11010124.html,セブンイレブン「ローソンにもファミマにも負けてます・・・経営が厳しいのでワンオペで接客やらせます！！！」セブンオーナー「・・・」,ハムスター速報
2026-06-08,https://hamusoku.com/archives/11010125.html,美少女コスプレイヤーさん　大量の生絞り汗動画を投稿し飲みたい紳士達が世界中から集まる,ハムスター速報
2026-06-08,https://hamusoku.com/archives/11010119.html,【旭川女子高校生殺害】内田梨瑚　女子高校生の死には関与していないと主張,ハムスター速報
2026-06-08,https://hamusoku.com/archives/11010102.html,トレンド評論家・牛窪恵さん「恋愛は割に合わないハイリスク投資！推し活はリスクが無くて楽しい！！！」←これ,ハムスター速報
2026-06-08,https://hamusoku.com/archives/11010106.html,【B型事業所】障害者福祉ビジネスが儲かりすぎてNPOや反社が殺到中「週１回、植木に水やりで１５０００円もらえる」,ハムスター速報
2026-06-08,https://hamusoku.com/archives/11010100.html,人間・男・５０代。ただ、ただ、毎日が面倒くさい。,ハムスター速報
2026-06-07,https://alfalfalfa.com/articles/11048311.html,【画像】総務省「女性キャラ？こんなもんだろ…」,アルファルファモザイク
2026-06-07,https://alfalfalfa.com/articles/11048307.html,【悲報】ホリエモンの腹w w w w w w w w w w w w w w w w w w w w,アルファルファモザイク
2026-06-07,https://alfalfalfa.com/articles/11048303.html,有吉弘行、1度も歯みがきをしたことがない芸人に驚き 「それで虫歯もないんだよ」,アルファルファモザイク
2026-06-07,https://alfalfalfa.com/articles/11048231.html,【速報】TBS、詰んだぁああああああああああああああああああああ → ｗｗｗｗｗｗｗｗｗｗｗｗｗｗｗｗｗｗｗｗ【HotTweets】,アルファルファモザイク
2026-06-07,https://hamusoku.com/archives/11003060.html,ニートなんやが闇バイトが怖い,ハムスター速報
2026-06-07,https://hamusoku.com/archives/11009171.html,終盤つまらん漫画のガッカリ感,ハムスター速報
2026-06-07,https://hamusoku.com/archives/11009856.html,JRのグリーン車　寝たふりをすれば無料で乗れることが判明してしまう,ハムスター速報
2026-06-07,https://hamusoku.com/archives/11009543.html,【ハムスター速報】ロレックスの時代が終わりハムックスの時代が来てしまう,ハムスター速報
2026-06-07,https://hamusoku.com/archives/11009879.html,【令和の米騒動】コメ卸業者「在庫が去年の2倍近く残っていて1億5000万円の赤字になりそうなんだけど、どうしてくれんのこれ？」,ハムスター速報
2026-06-07,https://hamusoku.com/archives/11009854.html,【ケースバイケース】ディズニー持ち込み弁当騒動　現場キャストがきっちり黙認して許可していたことが判明,ハムスター速報
2026-06-07,https://hamusoku.com/archives/11009540.html,ポケモンカード転売ヤーのベトナム人を警察に通報した結果ｗｗｗｗｗｗｗｗｗｗｗｗｗｗｗｗ,ハムスター速報
2026-06-07,https://hamusoku.com/archives/11009539.html,【埼玉県】銃やナイフで武装した外国人移民が徘徊しスラム化　埼玉県警「もし遭遇してたら間違いなく殺されてた」県民に注意を呼びかける,ハムスター速報
2026-06-07,https://hamusoku.com/archives/11009838.html,日本共産党員　高市首相を銃撃するゲームを考案しネット上で披露　日本共産党によるテロを示唆か,ハムスター速報
2026-06-07,https://hamusoku.com/archives/11003053.html,募集要項「高額！超かんたん！日給1万5000円！！」,ハムスター速報
2026-06-06,https://alfalfalfa.com/articles/11047956.html,【画像】のび太のママ「勉強もしないでマンガばっかり！捨てちゃいます！！！！」,アルファルファモザイク
2026-06-06,https://alfalfalfa.com/articles/11047944.html,【謎】ロッテ「新ドーム球場ほしい」→千葉市「お金出します！」千葉県「土地を無償提供します！」,アルファルファモザイク
2026-06-06,https://alfalfalfa.com/articles/11047792.html,【悲報】アニソン作曲家、女性声優やVtuberと不倫していたと暴露されるwwwwwwwwwwwwwww【HotTweets】,アルファルファモザイク
2026-06-06,https://alfalfalfa.com/articles/11047913.html,【画像】FF7のヒロインさん、リメイク最終作でアホみたいな服を着てしまうｗｗｗｗｗｗ,アルファルファモザイク
2026-06-06,https://alfalfalfa.com/articles/11047907.html,【画像】びわ湖くん、ホリエモンの「WAGYUMAFIA」の闇を暴くwwwwwww,アルファルファモザイク
2026-06-06,https://hamusoku.com/archives/11009568.html,川上米子さん遺産1億8000万円全額を逗子市に寄付　18歳女子高生死亡の斜面崩落事故に心痛め「あんな事故は二度と起こしてはいけない」,ハムスター速報
2026-06-06,https://hamusoku.com/archives/11003026.html,ワイの妹　アスペすぎてヤバイ,ハムスター速報
2026-06-06,https://hamusoku.com/archives/11009497.html,アメリカ　日本にドン引き「日本の人口はどうやって5年で300万人も減ったのか？」,ハムスター速報
2026-06-06,https://hamusoku.com/archives/11009473.html,狼斗←これはキラキラネームなのか？,ハムスター速報
2026-06-06,https://hamusoku.com/archives/11009470.html,２０５０年の日本「高齢者の為に現役世代の負担が今より４０万円増えます」←もう終わりだろこの国,ハムスター速報
2026-06-06,https://hamusoku.com/archives/11009500.html,河野玄斗「1000時間勉強して将来の年収が100万円上がる場合、勉強の時給は100万円×40年÷1000時間で時給4万円になるよ。なんでみんな勉強しないの？」,ハムスター速報
2026-06-06,https://hamusoku.com/archives/11009468.html,【祝】税金にたかる経営コンサルの倒産が過去最多ペース「AIに負けました、補助金頼み限界です」,ハムスター速報
2026-06-06,https://hamusoku.com/archives/11009467.html,豊田章男会長　トヨタ公式アカウントで日産車をアピールする懐のでかさを見せつける,ハムスター速報
2026-06-06,https://hamusoku.com/archives/11009464.html,【社会悪企業】LUUPが首都高に侵入し放置プレイされるｗｗｗｗｗｗｗｗｗｗｗｗ,ハムスター速報
2026-06-06,https://hamusoku.com/archives/11003024.html,なんかワイのウンコが転売されてたんやが,ハムスター速報
2026-06-05,https://alfalfalfa.com/articles/11047628.html,【大悲報】ホリエモン、餃子屋から逃亡ｗｗｗｗｗｗ,アルファルファモザイク
2026-06-05,https://alfalfalfa.com/articles/11047620.html,【悲報】1ドル 160円突破ｗｗｗｗｗｗｗｗ,アルファルファモザイク
2026-06-05,https://alfalfalfa.com/articles/11047605.html,中道・共産・れいわ・社民消滅へ 比例議席45削減へ,アルファルファモザイク
2026-06-05,https://alfalfalfa.com/articles/11047344.html,【文春砲】高市陣営の“ネット工作疑惑”、ついに音声公開へ……これもう逃げ切れないだろ【HotTweets】,アルファルファモザイク
2026-06-05,https://alfalfalfa.com/articles/11047589.html,【悲報】テレ東、盛大にやらかすｗｗｗｗｗｗｗｗｗ,アルファルファモザイク
2026-06-05,https://alfalfalfa.com/articles/11047571.html,【悲報】捕まったゾンビたばこ売人「プロ野球選手を40人抱えている」と豪語,アルファルファモザイク
2026-06-05,https://hamusoku.com/archives/11009092.html,「そういえばそんなんあったな」って思ったら寝ろ,ハムスター速報
2026-06-05,https://hamusoku.com/archives/11008503.html,【閲覧注意】マックにゴキブリがいるんやがｗｗｗｗｗｗｗｗｗｗｗｗｗ,ハムスター速報
2026-06-05,https://hamusoku.com/archives/11009088.html,ロシア　ウクライナにボコボコにされてダメそう,ハムスター速報
2026-06-05,https://hamusoku.com/archives/11009095.html,ディズニー公式が『ケースバイケース』でお弁当の持ち込みを解禁　ディズニー公式の宣伝ポストが地獄にｗｗｗｗｗｗｗｗｗｗｗｗｗｗ,ハムスター速報
2026-06-05,https://hamusoku.com/archives/11009082.html,母親TikTokerさん　再生数の為に赤ちゃんの顔面を誕生日ケーキにぶちこみ炎上中,ハムスター速報
2026-06-05,https://hamusoku.com/archives/11009072.html,【福岡】医師免許の無いペルー国籍の謎の移民　産婦人科クリニックで妊婦の腹部を圧迫し大量出血させてICU送りにする,ハムスター速報
2026-06-05,https://hamusoku.com/archives/11009059.html,ハムスターヨガパンツが可愛すぎる件　ペットにヨガパンツ履かせるのがブームに,ハムスター速報
2026-06-05,https://hamusoku.com/archives/11002736.html,CoCo壱社長「なんでみんなCoCo壱こなくなったの？」,ハムスター速報
2026-06-05,https://hamusoku.com/archives/11008586.html,令和の日本　みいちゃん枠だらけになってしまう「男に生まれてしまったから研究者になるのを諦めないといけない」,ハムスター速報
2026-06-04,https://alfalfalfa.com/articles/11047106.html,【ホロ金策サバイバル2】鯖の不具合で突如スイカ人狼に突入・翌日から種を狙われる事が確定してしまったみこち【PickupYoutube】,アルファルファモザイク
2026-06-04,https://alfalfalfa.com/articles/11047267.html,【動画】黒人の喧嘩、レベルが高すぎる,アルファルファモザイク
2026-06-04,https://alfalfalfa.com/articles/11047262.html,ビットコイン、ひっそりと逝く…,アルファルファモザイク
2026-06-04,https://alfalfalfa.com/articles/11046986.html,ダイエット目的での『マンジャロ』使用を勧めていたキャバ嬢さん、謝罪「フォロワーの皆さまの健康と安全を最優先に考えるべきでした」【HotTweets】,アルファルファモザイク
2026-06-04,https://alfalfalfa.com/articles/11047250.html,【悲報】青森県、自殺率　第1位,アルファルファモザイク
2026-06-04,https://hamusoku.com/archives/11008782.html,現役警察官ボクサー杉田ダイスケさん　この写真の数か月後に自殺…,ハムスター速報
2026-06-04,https://hamusoku.com/archives/11008799.html,【ディズニー】外国人お弁当パーティーが開催されてたディズニー　公式が「ケースバイケース」で実質解禁を認める,ハムスター速報
2026-06-04,https://hamusoku.com/archives/11008791.html,マーベル映画「ごめん、今までの映画やドラマは全部忘れて！Ｘ－ＭＥＮの権利も取れたしフェーズ０からやり直すわ！」,ハムスター速報
2026-06-04,https://hamusoku.com/archives/11008789.html,部下を仕事で叱った結果,ハムスター速報
2026-06-04,https://hamusoku.com/archives/11008786.html,【飲酒運転】中国人が小学生４人ひき逃げ事件を起こす「二度と車を運転しない」→日本の司法「中国人は反省してて偉い！執行猶予でおっけー！」→その半年後に無免許運転,ハムスター速報
2026-06-04,https://hamusoku.com/archives/11008767.html,マクドナルド公式　野獣先輩で淫夢営業をやり大炎上　即削除して逃亡中,ハムスター速報
2026-06-04,https://hamusoku.com/archives/11008523.html,情弱の民　貧乏節約術を学ぶ為に52万円払ってしまう,ハムスター速報
2026-06-04,https://hamusoku.com/archives/11008529.html,生活保護が大ブームに　ナマポ民「働けるけど、労働のキツさと給料見たら割に合わない。月13万で充分なのよ。なので生活保護でまったり生活してます😊」,ハムスター速報
2026-06-04,https://hamusoku.com/archives/11008508.html,住宅版残クレアルファード　始まる,ハムスター速報
2026-06-03,https://alfalfalfa.com/articles/11046918.html,【悲報】総務省「まずい、このままだと日本人が絶滅します」,アルファルファモザイク
2026-06-03,https://alfalfalfa.com/articles/11046913.html,【悲報】ブレイキングダウン、もうめちゃくちゃになる　男vs女の対決決定へ,アルファルファモザイク
2026-06-03,https://alfalfalfa.com/articles/11046903.html,ひろゆき、『日本の若者に左派が少ない』理由を語る「日本の左派は人々の不安に寄り添っていない」「左派政党は外国人移民に反対しない」,アルファルファモザイク
2026-06-03,https://alfalfalfa.com/articles/11046740.html,【炎上】前川喜平氏「ナフサ不足は100％高市のせいなのだ」と断言 → ネット民からツッコミ殺到【HotTweets】,アルファルファモザイク
2026-06-03,https://alfalfalfa.com/articles/11046880.html,中道の枝野さん、政治団体「立憲ネットワーク」新設ｗｗｗｗｗｗｗ,アルファルファモザイク
2026-06-03,https://alfalfalfa.com/articles/11046874.html,【悲報】辺野古事故遺族の『公開質問』に沖縄・玉城知事「見ていないが、質問があるとは聞いた」,アルファルファモザイク
2026-06-03,https://hamusoku.com/archives/11008499.html,コメ価格の暴落　止まらない　去年稼ぎまくった米卸が抱える在庫の量が過去最大に,ハムスター速報
2026-06-03,https://hamusoku.com/archives/11008580.html,アメリカ「学力試験廃止して内申書で入学できるようにしたらバカばっかりになったんだが？入試に学力試験は必要！！！」日本「・・・」,ハムスター速報
2026-06-03,https://hamusoku.com/archives/11008585.html,こども家庭庁「最強の少子化対策考えました！生活保護なら体外受精無料！もちろん外国籍も無料！！！」外国人が病院に殺到,ハムスター速報
2026-06-03,https://hamusoku.com/archives/11008576.html,【こども家庭庁】日本の少子化　想定の１５年早く進み年金財政検証がぶっ壊れる　また高齢者の年金維持の為に現役世代の社会保険料の大幅増税が確定,ハムスター速報
2026-06-03,https://hamusoku.com/archives/11008534.html,【令和の托卵事件】別居中の妻が偽装出産し養育費までゲットする胸糞托卵事件　見つかる,ハムスター速報
2026-06-03,https://hamusoku.com/archives/11008519.html,【はま寿司】寿司に洗剤ぶっかけていた無職のTikToker新西悠太くん「顧問弁護士によるとこれはセーフ！」←無事に逮捕される,ハムスター速報
2026-06-03,https://hamusoku.com/archives/11008491.html,ぼく、大ゴッホ展に行列ができる理由が分からない,ハムスター速報
2026-06-03,https://hamusoku.com/archives/11006377.html,ハムスターさん　日清カップヌードルと遂にコラボかわいいｗｗｗｗｗｗｗｗ,ハムスター速報
2026-06-03,https://hamusoku.com/archives/11006376.html,【多文化共生】ディズニーランドに貧民が集結しスラム街化　外国人なら通路を占拠してカップラーメン等の食事オッケーになる,ハムスター速報
2026-06-03,https://hamusoku.com/archives/11002446.html,昇給２０円のワイにかける言葉,ハムスター速報
2026-06-02,https://alfalfalfa.com/articles/11046504.html,【ホロ金策サバイバル2】フブキいろはの様子を探るぺこらｗｗｗｗｗｗ【PickupYoutube】,アルファルファモザイク
2026-06-02,https://alfalfalfa.com/articles/11046569.html,【悲報】ひろゆき、またサナを攻撃😭,アルファルファモザイク
2026-06-02,https://alfalfalfa.com/articles/11046556.html,【悲報】中道改革連合、また名前を変える模様ｗｗｗｗｗｗｗ,アルファルファモザイク
2026-06-02,https://alfalfalfa.com/articles/11046373.html,【炎上】違法建築疑惑のモスク問題、駐日パキスタン大使館が「一切関係ない」と声明 → リプ欄閉鎖でさらに物議に……【HotTweets】,アルファルファモザイク
2026-06-02,https://alfalfalfa.com/articles/11046540.html,【画像】現在の松浦亜弥さんｗｗｗｗｗｗｗ,アルファルファモザイク
2026-06-02,https://alfalfalfa.com/articles/11046532.html,元奨励会将棋YouTuber「低評価が一瞬で20前後ついたので警察に相談させていただきました」,アルファルファモザイク
2026-06-02,https://hamusoku.com/archives/11006231.html,【マンジャロダイエット】SNSでマンジャロを販売していた男女３人　薬機法違反書類送検される　ゆいぴす・溝口「・・・」,ハムスター速報
2026-06-02,https://hamusoku.com/archives/11006164.html,毒親「娘から無視されます…」,ハムスター速報
2026-06-02,https://hamusoku.com/archives/11006162.html,ネット上で論争が続く『実父の通夜ｖｓ嵐のラストライブ』その結末は？,ハムスター速報
2026-06-02,https://hamusoku.com/archives/11006133.html,ワイの靴　弱者男性御用達だった,ハムスター速報
2026-06-02,https://hamusoku.com/archives/11006094.html,大好きなホストの為に仕事で客のウ〇コを食べて４０万円稼いだ夜職女性さん　念願のシャンパンタワーをやった結果,ハムスター速報
2026-06-02,https://hamusoku.com/archives/11006101.html,【メルカリ】嵐ラストLIVEで空前の嵐バブルが始まる　ライブ会場の空気や櫻井翔のあごひげや金銀テープが売れまくる,ハムスター速報
2026-06-02,https://hamusoku.com/archives/11002442.html,タイミーワイ　パン工場より帰宅,ハムスター速報
2026-06-02,https://hamusoku.com/archives/11005960.html,【エアコン窃盗技能実習生】ベトナム高度人材に負けじとスリランカ高度人材がエアコン窃盗に参入　１２０万円ゲット,ハムスター速報
2026-06-01,https://alfalfalfa.com/articles/11046229.html,台風6号のルート、ほぼ確定ｗｗｗｗｗ,アルファルファモザイク
2026-06-01,https://alfalfalfa.com/articles/11046222.html,【悲報】線路に落ちたJKを助けたおぢ達、JKに触りすぎだと大炎上してしまうｗｗｗｗｗｗｗｗｗｗｗｗｗ,アルファルファモザイク
2026-06-01,https://alfalfalfa.com/articles/11046214.html,【悲報】１９歳女さん、40歳男性から約630万円をだまし取った疑いで逮捕,アルファルファモザイク
2026-06-01,https://alfalfalfa.com/articles/11046007.html,【画像】女子中学生(14)「私空手やってるから強いよ(ｼｭｯｼｭｯ」←　【Pickup】,アルファルファモザイク
2026-06-01,https://alfalfalfa.com/articles/11046188.html,【悲報】嵐の解散ライブで二宮さん「ジャニーズ」の名称を繰り返し使用,アルファルファモザイク
2026-06-01,https://alfalfalfa.com/articles/11046178.html,石丸伸二氏「困らないですもん正直。東京がどうなろうと、日本がどうなろうと」生配信で本音吐露,アルファルファモザイク
2026-06-01,https://hamusoku.com/archives/11005936.html,【足立の花火】足立区の花火大会　ワイ達が思い描く足立区そのもので草,ハムスター速報
2026-06-01,https://hamusoku.com/archives/11005935.html,働く現役世代の税・保険料負担率　過去最高の33%に,ハムスター速報
2026-06-01,https://hamusoku.com/archives/11005869.html,【えんとつ町のプペル】お前らにプペル2の凄さを語りたい,ハムスター速報
2026-06-01,https://hamusoku.com/archives/11002428.html,ニートワイ　月７万円で暮らせることが判明,ハムスター速報
2026-06-01,https://hamusoku.com/archives/11004364.html,【ワンピ悲報】フェミニストがワンピースをロックオン「ワンピースは女性蔑視漫画」,ハムスター速報
2026-06-01,https://hamusoku.com/archives/11004349.html,外食産業「高市政権のせいで外国人を雇えなくて大変なんですけど！？補助金が出ない日本人を雇う気はないので、外国人の上限もっと増やせよ！！！」,ハムスター速報
2026-06-01,https://hamusoku.com/archives/11004330.html,【炎上中】日本人をバカにし舐めているパキスタン人達による違法建築モスク　駐日パキスタン大使「私達は違法建築モスクとは一切関係がありません」リプ欄を閉じてスルーを表明,ハムスター速報
2026-06-01,https://hamusoku.com/archives/11002432.html,ワイ「転職で次が決まったので辞めます」上司「裏切り者！😡」,ハムスター速報
2026-06-01,https://hamusoku.com/archives/11000865.html,恋愛有識者「いきなり告白するのは悪手」,ハムスター速報
2026-05-31,https://alfalfalfa.com/articles/11045901.html,【動画】あの時の若者は今…ゲーセンでDDRを踊る爺さん婆さん,アルファルファモザイク
2026-05-31,https://alfalfalfa.com/articles/11045878.html,【悲報】Xiaomi、本気を出しすぎて4万円でドラム式洗濯機をニッポン上陸させてしまうWWWWWWWWWWWW,アルファルファモザイク
2026-05-31,https://alfalfalfa.com/articles/11045610.html,【炎上】中国人さん「日本の◯◯が欲しいけど日本人が邪魔」発言でネット大荒れ……【HotTweets】,アルファルファモザイク
2026-05-31,https://alfalfalfa.com/articles/11045868.html,【悲報】長嶋一茂「俺は何十発も殴られて育った。一番殴られた。50回言ってきかない子供は殴った方が早い。」,アルファルファモザイク
2026-05-31,https://alfalfalfa.com/articles/11045599.html,【画像】令和最新実写版キューティーハニー、とんでもなく可愛いと話題にｗｗｗ【Pickup】,アルファルファモザイク
2026-05-31,https://alfalfalfa.com/articles/11045860.html,旭川JK殺害・内田梨瑚「被害者を押したがロープで耐えて自力で戻ってきました」,アルファルファモザイク
2026-05-31,https://alfalfalfa.com/articles/11045855.html,【悲報】1ドル160円目前WWWWWWWW,アルファルファモザイク
2026-05-31,https://hamusoku.com/archives/10999974.html,３大人体の欠陥　鼻詰まり　歯が２度しか生えない,ハムスター速報
2026-05-31,https://hamusoku.com/archives/11004026.html,【鉄道模型再び】妻「夫のエアガンを捨てたら人格が変わってしまいました。元に戻すにはどうすればいいですか？」,ハムスター速報
2026-05-31,https://hamusoku.com/archives/11004025.html,キャバ嬢・ゆいぴすさんが推奨する『マンジャロダイエット』　現役脊椎外科医からガチで警告される,ハムスター速報
2026-05-31,https://hamusoku.com/archives/11004023.html,ドン・キホーテ「白黒包装にしたらめっちゃ安くできたんだが？水500ml40円で販売できます！！！」←今までのカラー印刷どれだけ高かったのかと話題に,ハムスター速報
2026-05-31,https://hamusoku.com/archives/11004021.html,【少子化対策】日本政府とNPO　税金を使って外国人妊婦が日本で出産できるようにサポート開始　日本で出産すれば外国人でも出産一時金５０万円ゲット,ハムスター速報
2026-05-31,https://hamusoku.com/archives/11004019.html,【千葉】創価学会信者の家が官公庁オークションに出品される　あまりの闇の深さにX民慄く,ハムスター速報
2026-05-31,https://hamusoku.com/archives/11004018.html,"ナマポ「生活保護費が月13万くらい。家賃53,000円を払ったら、残りはたった77,000円。これでどうやって生きていけばいいのだろう」",ハムスター速報
2026-05-31,https://hamusoku.com/archives/11004013.html,ワンピース公式「ONE PIECE BASE SHOP」大炎上中　予約客を不正扱いしセキュリティスタッフが追い出す「自分で何やったかわかってんだろ、おい？」,ハムスター速報
2026-05-31,https://hamusoku.com/archives/10996080.html,人生は「親」で８割決まるのに自己責任扱いなの怖すぎる,ハムスター速報
2026-05-31,https://hamusoku.com/archives/11003862.html,ME:Iさん　音痴すぎて生放送で放送事故を起こしてしまう,ハムスター速報
2026-05-30,https://alfalfalfa.com/articles/11045487.html,【ホロライブ切り抜き】マリン船長のダイナミッククラッシュｗｗｗｗｗｗｗｗｗｗｗｗｗｗｗｗｗｗｗｗｗｗｗｗｗｗｗｗｗｗ【PickupYoutube】,アルファルファモザイク
2026-05-30,https://alfalfalfa.com/articles/11045513.html,【悲報】吉岡里帆（33）、強そうと話題にWWWWWWWWWWWWWWWWWWWWWWWWWWWWWWWWW,アルファルファモザイク
2026-05-30,https://alfalfalfa.com/articles/11045501.html,【悲報】阿部慎之助逮捕で「暴力やむなし論」を有名人が続々唱えだしてしまう,アルファルファモザイク
2026-05-30,https://alfalfalfa.com/articles/11045486.html,【物議】藤沢モスク問題、反対派が市役所に情報開示請求 → 公開文書が黒塗りだらけでネット騒然……【HotTweets】,アルファルファモザイク
2026-05-30,https://alfalfalfa.com/articles/11045496.html,ワイ「ゲーミングパソコン欲しいなあ🤗」←お値段50万円,アルファルファモザイク
2026-05-30,https://alfalfalfa.com/articles/11045492.html,【緊急】若い女性に大人気！「麻辣湯」に来たでwwww,アルファルファモザイク
2026-05-30,https://alfalfalfa.com/articles/11045489.html,【悲報】医学部で女性差別をやめた結果、外科医が足りなくなったって本当？,アルファルファモザイク
2026-05-30,https://alfalfalfa.com/articles/11045272.html,【画像】昭和時代のOL、レベチｗｗｗｗｗｗ【Pickup】,アルファルファモザイク
2026-05-30,https://alfalfalfa.com/articles/11045473.html,【動画】道頓堀で日本人女と韓国人女の殴り合いが発生WWWWWWWWWWWWWWWWWWWWWWWWWWW,アルファルファモザイク
2026-05-30,https://hamusoku.com/archives/11003859.html,整形芸能人のMattさん　整形手術に失敗して顔面が大変なことになる,ハムスター速報
2026-05-30,https://hamusoku.com/archives/11003852.html,【パキスタン移民】日本人を馬鹿にして舐めているイスラム教徒達　川越の違法建築モスクについて「元から建っていた、金が無いから撤去できない」とゴネ始める,ハムスター速報
2026-05-30,https://hamusoku.com/archives/11003476.html,ワイの職場、上司と新卒が不倫して地獄,ハムスター速報
2026-05-30,https://hamusoku.com/archives/11003491.html,ドコモショップ「解約はウェブ予約できません！新規契約の人だけウェブ予約できるよ！！！」←これ,ハムスター速報
2026-05-30,https://hamusoku.com/archives/10997101.html,【急募】淡路島産の新玉ねぎ買ったんやが,ハムスター速報
2026-05-30,https://hamusoku.com/archives/11003490.html,高梨沙羅さん　おでこに謎のプレートを埋め込んでしまう・・・,ハムスター速報
2026-05-30,https://hamusoku.com/archives/11003464.html,ワイ「楽天AI、ホームランを打つJKの画像を生成して」楽天AI「……」,ハムスター速報
2026-05-30,https://hamusoku.com/archives/11003489.html,【やっちゃえ日産】２万人をリストラした外国人社長ら経営陣へのご褒美に１３億円,ハムスター速報
2026-05-30,https://hamusoku.com/archives/11003487.html,イギリス「働かない人への福祉政策を手厚くしたらニート１００万人超えて国家的危機になったわ」,ハムスター速報
2026-05-30,https://hamusoku.com/archives/10999980.html,元ニートのワイくん　ウーバーで無双してしまうｗｗｗｗｗ,ハムスター速報
2026-05-29,https://alfalfalfa.com/articles/11045192.html,【朗報】スト6のイングリッドちゃん、結局可愛くてええ感じになる,アルファルファモザイク
2026-05-29,https://alfalfalfa.com/articles/11045070.html,【ホロライブ切り抜き】ぺこら逆シャア視聴後の感想とハサウェイが主人公になることに絶望ｗｗｗｗｗｗｗｗ【PickupYoutube】,アルファルファモザイク
2026-05-29,https://alfalfalfa.com/articles/11045187.html,闇アルバイター「強盗殺人で日給100万円！よーし！殺すぞー！」←これ,アルファルファモザイク
2026-05-29,https://alfalfalfa.com/articles/11045178.html,【悲報】不二家「カントリーマアム」「ホームパイ」も色を減らすｗｗｗｗｗｗｗｗ,アルファルファモザイク
2026-05-29,https://alfalfalfa.com/articles/11044902.html,【動画】技能実習生ら、伊勢エビを堂々密猟して海保に検挙される → 衝撃映像がネットで話題に……【HotTweets】,アルファルファモザイク
2026-05-29,https://alfalfalfa.com/articles/11045170.html,【速報】ダウンタウンプラス、オフ会開催　価格は10000円ｗｗｗｗｗｗｗ,アルファルファモザイク
2026-05-29,https://alfalfalfa.com/articles/11045164.html,【画像】カルビーの新パッケージ、割といい,アルファルファモザイク
2026-05-29,https://alfalfalfa.com/articles/11045144.html,【悲報】女さん、走行中の車の助手席窓から頭を出して壁と衝突し死亡,アルファルファモザイク
2026-05-29,https://hamusoku.com/archives/11003480.html,【パヤオ】スタジオジブリ・宮崎駿が共同代表の辺野古基金　女子高生死亡・転覆事故のヘリ基地反対協とズブズブ←皇太子襲撃までやっていてドン引き,ハムスター速報
2026-05-29,https://hamusoku.com/archives/11003384.html,ライオンさん　あまりにも陽キャすぎて草,ハムスター速報
2026-05-29,https://hamusoku.com/archives/10999977.html,ワイ「おっ、ハンマー投げ日本記録ランキングか…まぁ室伏広治が1位やろな」,ハムスター速報
2026-05-29,https://hamusoku.com/archives/10997273.html,ディズニー「お、この作品だいぶ人気出たなぁ」,ハムスター速報
2026-05-29,https://hamusoku.com/archives/10995883.html,東京に行って驚くこと,ハムスター速報
2026-05-29,https://hamusoku.com/archives/10995881.html,ワイ　一次面接６連続落ち,ハムスター速報
2026-05-29,https://hamusoku.com/archives/10995878.html,JK「もうだめ、つらい…」X民「！？」ｼｭﾊﾞﾊﾞﾊﾞﾊﾞｯ,ハムスター速報
2026-05-29,https://hamusoku.com/archives/11003363.html,【今治タオル】技能実習生で奴隷ビジネスを展開する今治タオル　イメージが最悪すぎると話題に,ハムスター速報
2026-05-29,https://hamusoku.com/archives/11003187.html,ポケカ界隈終わる　中国製の高品質偽造ボックスが出回りショップに持ち込まれる　メルカリやオリパにも偽造カードが紛れ込み何が本物かわからない状況に,ハムスター速報
2026-05-28,https://alfalfalfa.com/articles/11044838.html,「数百万円の報酬もらう予定だった」　栃木強殺、少年が供述,アルファルファモザイク
2026-05-28,https://alfalfalfa.com/articles/11044835.html,【悲報】文春、いきなり左翼に牙を向けるWWWWWWWWWWWWWWWWWWWWWWWWW,アルファルファモザイク
2026-05-28,https://alfalfalfa.com/articles/11044832.html,「働かないとネット解約するぞ」親父を刺した容疑で裁判中の無職の男に判決,アルファルファモザイク
2026-05-28,https://hamusoku.com/archives/11003064.html,セブンイレブンのおにぎりの価格　限界突破ｗｗｗｗｗｗｗｗｗｗｗｗｗｗｗｗ,ハムスター速報
2026-05-28,https://hamusoku.com/archives/11003110.html,TikTokerがはま寿司のレーン上の寿司に洗剤ぶっかけ,ハムスター速報
2026-05-28,https://hamusoku.com/archives/11003048.html,奈良の高校生３人　３００円で人生終了,ハムスター速報
2026-05-28,https://hamusoku.com/archives/11003052.html,女性Vtuber「男は自分より頭のいい女性配信者が嫌い/見ないって層が多い」,ハムスター速報
2026-05-28,https://hamusoku.com/archives/11003058.html,【中古車販売会社社長】ナイジェリアの高度人材　高級車を盗み海外輸出して大儲け　また不起訴か,ハムスター速報
2026-05-28,https://hamusoku.com/archives/11003047.html,ちいかわ Chiikawa Baby ぬいぐるみくじ←集金がエグすぎると話題に,ハムスター速報
2026-05-28,https://hamusoku.com/archives/11002707.html,妻「アルファードは残クレ扱いされて乗りたくない！もっと良い車に買い替えたい！！！」←これ,ハムスター速報
2026-05-28,https://hamusoku.com/archives/11002804.html,日本人看護師の賃金が絶対に上がらない現実　中国人看護師が大量に送り込まれる,ハムスター速報
2026-05-28,https://hamusoku.com/archives/11002811.html,遊戯王・高橋和希先生　今の荒れ狂ったカード界隈を予知して漫画化していた,ハムスター速報
2026-05-28,https://hamusoku.com/archives/11002846.html,【ブルーカラーの時代】風呂リフォーム多能工の月収　公開される,ハムスター速報
2026-05-27,https://alfalfalfa.com/articles/11044451.html,【ホロライブ切り抜き】金策マイクラ2について話す前回王者ぺこらｗｗｗｗｗｗｗｗｗｗｗｗｗｗｗｗｗｗｗ【PickupYoutube】,アルファルファモザイク
2026-05-27,https://alfalfalfa.com/articles/11044528.html,【朗報】広末涼子さん(45)やっぱりあんな事するようには見えない,アルファルファモザイク
2026-05-27,https://alfalfalfa.com/articles/11044519.html,山本圭壱(58歳)&西野未姫(27歳)、第2子の名前は「頑馬(がんば)」 第1子は「にこり」,アルファルファモザイク
2026-05-27,https://alfalfalfa.com/articles/11044515.html,旭川JK落下事件　内田「被害者が自分で橋から落ちた」舎弟「内田が押して落とした」,アルファルファモザイク
2026-05-27,https://alfalfalfa.com/articles/11044282.html,【トクリュウ悲報】奈良市の住宅で強盗傷害事件、男子高校生ら3人逮捕 → 高齢女性がケガ、奪われた金額があまりにも衝撃的だった……【HotTweets】,アルファルファモザイク
2026-05-27,https://alfalfalfa.com/articles/11044500.html,松本人志「ダウンタウン＋が秋田県でだけ人気がないんやけどなんでやねん？俺秋田になんかした？」,アルファルファモザイク
2026-05-27,https://hamusoku.com/archives/11002813.html,ボーダーコリーとハスキーの違い,ハムスター速報
2026-05-27,https://hamusoku.com/archives/11002809.html,【埼玉】調子に乗ったイスラム教徒「日本人の法律なんてどうでもええわ」川越に巨大モスクを無申請・無許可で違法建築←日本がガチで舐められまくってる件,ハムスター速報
2026-05-27,https://hamusoku.com/archives/11002801.html,東京の家賃　高すぎて笑えない,ハムスター速報
2026-05-27,https://hamusoku.com/archives/11002782.html,ポケモンカード・ワンピースカード　ヤマダ電機がルールを守らない外国人への販売停止・日本人のみ購入可能を宣言　ベトナム人と中国人発狂,ハムスター速報
2026-05-27,https://hamusoku.com/archives/11002735.html,キャバ嬢ゆいぴすさん　マンジャロダイエットについて語る「医者でなければ医薬品に関わってはいけないのですか？日本人ってなぜここまでマンジャロに批判的なのでしょう？」,ハムスター速報
2026-05-27,https://hamusoku.com/archives/11002724.html,【みいちゃん枠】横浜国立大学理工学部「テスト無しで入れる女子枠作りました！これでみいちゃん達に大人気やろなぁ！！！」,ハムスター速報
2026-05-27,https://hamusoku.com/archives/11002716.html,【阿部慎之助】娘は父親に冤罪を被せて年収1億5000万円を捨ててまで何をしたかったのか,ハムスター速報
2026-05-27,https://hamusoku.com/archives/11002692.html,【ワンピースカード】フラッグシップで優勝するとベトナム人転売ヤーに絡まれる事が判明　自宅特定される可能性もありガチで危険すぎると話題に,ハムスター速報
2026-05-27,https://hamusoku.com/archives/10993853.html,ワイ「自己責任論者の方、これへの対案求む！ワイは真剣に議論したい！」,ハムスター速報
2026-05-26,https://alfalfalfa.com/articles/11044186.html,【悲報】あのちゃん所属事務所、鈴木紗理奈に謝罪する…,アルファルファモザイク
2026-05-26,https://alfalfalfa.com/articles/11044093.html,【ホロライブ切り抜き】新幹線とバトルして追い抜き俺が新幹線だと叫ぶ走り屋のみこちｗｗｗｗｗｗ【PickupYoutube】,アルファルファモザイク
2026-05-26,https://alfalfalfa.com/articles/11044177.html,【悲報】阿部慎之助が現行犯逮捕された理由判明,アルファルファモザイク
2026-05-26,https://hamusoku.com/archives/11002463.html,FF3・イングズと結婚した女性　キスしすぎてイングズ人形が大変なことになる,ハムスター速報
2026-05-26,https://hamusoku.com/archives/11002523.html,AIを使いこなせないチームみらい安野貴博さん　AIにすらバカにされるゴミ政策を発表して炎上中,ハムスター速報
2026-05-26,https://hamusoku.com/archives/10999976.html,VRChat　女装男子の巣窟だった,ハムスター速報
2026-05-26,https://hamusoku.com/archives/11002450.html,調子に乗ったキャバ嬢さん達「キャバ嬢になりたい動機が弱い」一般人に上から目線で説教,ハムスター速報
2026-05-26,https://hamusoku.com/archives/11002447.html,チームみらい安野貴博さん　資産４０億円の無職に給付金６万円配布すると宣言,ハムスター速報
2026-05-26,https://hamusoku.com/archives/11002426.html,【巨人】阿部慎之助監督が辞任　ChatGPTのアドバイスにより長女が児相に通報,ハムスター速報
2026-05-26,https://hamusoku.com/archives/10997562.html,糖尿病治療薬でマンジャロダイエットを事業化した溝口界隈　運営会社が謎すぎると話題に,ハムスター速報
2026-05-26,https://hamusoku.com/archives/10997561.html,公立小学校が外国人移民によって学級崩壊し成績が急降下　日本人児童の教育を受ける権利が侵害されている現実,ハムスター速報
2026-05-26,https://hamusoku.com/archives/10997359.html,中国人ポケカ偽造集団　買取店に偽造カードパックを持ち込み買取させることに成功　ポケカ市場に中国偽造カードが混入へ,ハムスター速報
2026-05-25,https://alfalfalfa.com/articles/11043842.html,【悲報】コカ・コーラ500mlペット、9月から220円にｗｗｗｗｗ,アルファルファモザイク
2026-05-25,https://alfalfalfa.com/articles/11043826.html,【速報】巨人の監督・阿部慎之助容疑者（47）が暴行の疑いで警視庁に現行犯逮捕,アルファルファモザイク
2026-05-25,https://alfalfalfa.com/articles/11043820.html,【画像】詐欺の受け子の29歳さん、頭部ダメージが激しすぎる…,アルファルファモザイク
2026-05-25,https://alfalfalfa.com/articles/11043570.html,【物議】「日本人は子供を作れない、外国人は日本人が養ってくれるから作れる」→ 子育て支援をめぐりネット大荒れ【HotTweets】,アルファルファモザイク
2026-05-25,https://alfalfalfa.com/articles/11043815.html,やす子、コンビニトイレ借りた時のマナーに言及「皆さんは何か買って行きますか？」従業員からの返答も,アルファルファモザイク
2026-05-25,https://alfalfalfa.com/articles/11043797.html,【悲報】旭川女子高生殺害・内田梨瑚(23)「殺意はない、殺してない」,アルファルファモザイク
2026-05-25,https://alfalfalfa.com/articles/11043793.html,【朗報】グラビアアイドルさん(20)「令和のリアディゾンです」,アルファルファモザイク
2026-05-25,https://hamusoku.com/archives/10997375.html,【巨人監督】阿部慎之助　現行犯逮捕される,ハムスター速報
2026-05-25,https://hamusoku.com/archives/10997358.html,【高度人材】日本で転売技術を学ぶベトナム人転売ヤー達　ポケモンカード・アビスアイ1000BOXゲットし警察沙汰に,ハムスター速報
2026-05-25,https://hamusoku.com/archives/10996423.html,ラーメンで一番いらない具　決まる,ハムスター速報
2026-05-25,https://hamusoku.com/archives/10997286.html,【チー牛が如く】元セガの名越稔洋さん完全に行方不明になる　Googleマップからも消える,ハムスター速報
2026-05-25,https://hamusoku.com/archives/10997283.html,溝口界隈　キャバ嬢と組んで糖尿病治療薬『マンジャロ』をダイエット目的で売り始める,ハムスター速報
2026-05-25,https://hamusoku.com/archives/10997265.html,【ブルック】ワンピース　また過去編が始まってしまう　次は何年間本編が止まるのか・・・,ハムスター速報
2026-05-25,https://hamusoku.com/archives/10997257.html,【TBS報道特集】日本は６月に詰むでお馴染みの境野春彦さん「高市総理の父親が韓国人」と断言して炎上中　次はこのネタで報道特集に出るつもりらしい,ハムスター速報
2026-05-25,https://hamusoku.com/archives/10997244.html,韓国人　日本のアルバイト事情にドン引き「客がいなけりゃ座ってスマホで何してようが何食ってようが自由なのに、日本人はお客さんがいなくても虚空を見つめてただ立ってるの？」,ハムスター速報
2026-05-25,https://hamusoku.com/archives/10997156.html,【福祉の闇】B型事業所「国から利用者一人につき月30万円の給付金を受けとります。障害者に1500円渡します。儲けるの簡単すぎて草」,ハムスター速報
2026-05-24,https://alfalfalfa.com/articles/11043413.html,【ホロライブ切り抜き】ワザップがゲーム情報サイトだったことをワザップジョルノについて調べて初めて知るスバルｗｗｗｗｗｗｗｗｗｗｗｗｗｗ【PickupYoutube】,アルファルファモザイク
2026-05-24,https://alfalfalfa.com/articles/11043477.html,【悲報】ワンパンマン村田、激ヤバすぎるツイートをしてしまう,アルファルファモザイク
2026-05-24,https://alfalfalfa.com/articles/11043235.html,【悲報】日本さん、フェンタニル問題でアメリカからとんでもない認定を受けてしまう……【HotTweets】,アルファルファモザイク
2026-05-24,https://hamusoku.com/archives/10997133.html,まいばすけっとの時給が上がった結果・・・もうこれサビ残だらけの正社員越えてるんじゃないか？,ハムスター速報
2026-05-24,https://hamusoku.com/archives/10996835.html,ワイ「Gemini、ホームランを打つJKの画像を生成して」Gemini「……」,ハムスター速報
2026-05-24,https://hamusoku.com/archives/10996766.html,【鋼の錬金術師】ハガレン面白すぎやろ,ハムスター速報
2026-05-24,https://hamusoku.com/archives/10997003.html,胸ポケットに入りたいたぬきさん問題　解決かわいい,ハムスター速報
2026-05-24,https://hamusoku.com/archives/10997002.html,生活保護受給者さん達　ナマポ金額を１８％上げろ！と賃上げ運動開始「娯楽や交際費にお金を回す余裕がないんだけど、どうしてくれんの？」,ハムスター速報
2026-05-24,https://hamusoku.com/archives/10996509.html,新人が仕事を覚えてくれなくて困ってるんやが…,ハムスター速報
2026-05-24,https://hamusoku.com/archives/10996840.html,【JICA】税金で支援してきたバングラデシュのIT人材　働く場所が無くて無職に　人手不足とはなんだったのか？,ハムスター速報
2026-05-24,https://hamusoku.com/archives/10996834.html,高齢者が賃貸で家を借りられない問題←NPOさん　利権チューチューの匂いを嗅ぎつけ動き出す,ハムスター速報
2026-05-24,https://hamusoku.com/archives/10997000.html,日本人は子供を作らない。なぜなら養えないからだ。外国人は子供を作る。なぜなら日本人が養ってくれるからだ。,ハムスター速報
2026-05-24,https://hamusoku.com/archives/10994381.html,女性「早く結婚したい」ワイ(←),ハムスター速報
2026-05-23,https://alfalfalfa.com/articles/11043057.html,"【ホロライブ切り抜き】200万人記念に『ぺこらの家リアル凸企画』を提案した結果、まさかの""OK返事""でウキウキだったのにとんでもない結末を迎えてしまうスバルw【PickupYoutube】",アルファルファモザイク
2026-05-23,https://alfalfalfa.com/articles/11043176.html,自民・コバホーク「日本企業は株主に還元する。だから外国人に狙われるんだよ」,アルファルファモザイク
2026-05-23,https://alfalfalfa.com/articles/11043175.html,昔の親「ゲーム機2万円か…子どもの為だ…買うぞ」今の親「ゲーム機10万円か…子どもの為だ…買うぞ」,アルファルファモザイク
2026-05-23,https://alfalfalfa.com/articles/11043173.html,お見送り芸人しんいち「芸能界のルール決めました」「嫌いとか言うていいのこの5人だけ」,アルファルファモザイク
2026-05-23,https://alfalfalfa.com/articles/11043161.html,【悲報】ニコニコ動画さん、有料会員数が全盛期の3分の1になっていた……………………………………,アルファルファモザイク
2026-05-23,https://alfalfalfa.com/articles/11043136.html,【速報】あのちゃん、お気持ち表明　番組降板wwwwwwwwwwwwwwwwwwwwww,アルファルファモザイク
2026-05-23,https://alfalfalfa.com/articles/11042896.html,【朗報画像】無名の超大型新人声優さん「男の人ってこういうのが好きなんでしょ(笑)」　【Pickup】,アルファルファモザイク
2026-05-23,https://hamusoku.com/archives/10994369.html,面接受けた会社が頭おかしい会社だった件ｗｗｗｗｗｗｗｗ,ハムスター速報
2026-05-23,https://hamusoku.com/archives/10996832.html,【寝そべり族】人生は配られたカードで勝負するしかない論ｖｓほな手札悪いから勝負降ります論　どっちが正しいのか？,ハムスター速報
2026-05-23,https://hamusoku.com/archives/10996830.html,介護士の仕事の現実　あまりにも厳しすぎると話題に・・・,ハムスター速報
2026-05-23,https://hamusoku.com/archives/10996746.html,【フェンタニル】日本　麻薬の輸出大国としてアメリカから認定される,ハムスター速報
2026-05-23,https://hamusoku.com/archives/10996743.html,韓国人配信者「移民は文化的に豊かにしてくれるし安全である事をフォロワーに教えたい」←フランスに行った結果ｗｗｗｗｗｗｗｗｗｗ,ハムスター速報
2026-05-23,https://hamusoku.com/archives/10996513.html,闇バイトの事調べたら怖すぎるんやが…,ハムスター速報
2026-05-23,https://hamusoku.com/archives/10996741.html,高齢婚活女子としてネットを震撼させ続ける中野綾香プロ　高齢婚活女子あるあるを披露,ハムスター速報
2026-05-23,https://hamusoku.com/archives/10996687.html,近藤敦・名城大教授「外国人比率が増えて困るなら帰化させればよくね？それで日本人増えるから解決」←参院法務委で発言し頭おかしいと大炎上中,ハムスター速報
2026-05-23,https://hamusoku.com/archives/10993839.html,【悲報】ワイ、パン工場のバイトに落ちる,ハムスター速報
2026-05-23,https://hamusoku.com/archives/10993603.html,ワイ（カタカタ…）　上司「おっ頑張って仕事してるな！」,ハムスター速報
2026-05-22,https://alfalfalfa.com/articles/11042861.html,【悲報】高校生に告白した少女、断られた腹いせに別の男性3人に嘘をついて「仕返し」してもらうｗｗｗｗｗｗ,アルファルファモザイク
2026-05-22,https://alfalfalfa.com/articles/11042852.html,【朗報】福生のハンマーおじさん、殺人未遂→傷害容疑に減刑ｗｗｗ,アルファルファモザイク
2026-05-22,https://alfalfalfa.com/articles/11042836.html,【悲報】学校法人同志社さん、文科省に怒られて速攻ホームページで謝罪文を発表,アルファルファモザイク
2026-05-22,https://alfalfalfa.com/articles/11042834.html,【悲報】マチアプの弱男、962万円奪われる,アルファルファモザイク
2026-05-22,https://alfalfalfa.com/articles/11042807.html,【悲報】「日本が経由地」フェンタニル密輸　米麻薬取締局高官が認める,アルファルファモザイク
2026-05-22,https://alfalfalfa.com/articles/11042793.html,【朗報】瀬戸環奈さん、タイでも神対応ｗｗｗｗｗ,アルファルファモザイク
2026-05-22,https://hamusoku.com/archives/10996512.html,現役医師のガチ給与明細がアップされる,ハムスター速報
2026-05-22,https://hamusoku.com/archives/10996427.html,【半導体バブル】韓国サムスン電子　AI特需でボーナス５４００万円支給へ,ハムスター速報
2026-05-22,https://hamusoku.com/archives/10996424.html,【栃木強盗殺人】相模原バール少年団「老人をバールで殴って20箇所以上刺して殺しました！犬も殺しました！脅されてました！」裁判長「少年だし懲役１０年～２０年ぐらいでええやろ」,ハムスター速報
2026-05-22,https://hamusoku.com/archives/10996480.html,【同志社国際】女子高生を死なせた「ヘリ基地反対協議会」と抗議船「平和丸」の男性船長　国交省の聞き取り調査を拒否「今後も聞き取りには応じない」,ハムスター速報
2026-05-22,https://hamusoku.com/archives/10996420.html,【全国学力調査】小学校６年生の正答率４割以下の問題,ハムスター速報
2026-05-22,https://hamusoku.com/archives/10996418.html,【三重県】伊賀市長・稲森稔尚さん　多様性の為に正規職員の採用で外国籍採用枠を新設←日本人差別では？,ハムスター速報
2026-05-22,https://hamusoku.com/archives/10993556.html,中古PC屋買取窓口ワイ「お値段つかないですねぇ、処分であれば3000円で承っております」,ハムスター速報
2026-05-22,https://hamusoku.com/archives/10996078.html,女性「ハーフパンツおじさんは不快」「キモいから履かないでください」,ハムスター速報
2026-05-22,https://hamusoku.com/archives/10996382.html,連合の組合員　国民民主や中道を裏切り自民党支持へ　夫婦別姓活動に専念してきた芳野友子会長「・・・」,ハムスター速報
2026-05-22,https://hamusoku.com/archives/10996103.html,先生の気まぐれで変わる内申点とかいう謎の点数←学校にガチクレーム入れまくるのが正解だと話題に,ハムスター速報
2026-05-21,https://alfalfalfa.com/articles/11042511.html,【悲報】お笑い芸人、研修中のコンビニ店員の言い間違えレベルに「謝罪なし、呆れました」とSNSに投稿,アルファルファモザイク
2026-05-21,https://alfalfalfa.com/articles/11042296.html,【物議】参政党・神谷代表、政治家の帰化歴公開を提案 → 高市総理がバッサリ否定「帰化したら日本人」【HotTweets】,アルファルファモザイク
2026-05-21,https://alfalfalfa.com/articles/11042507.html,【悲報】闇バイトのリクルーターさん、「少年法で罪が軽くなる」と説明して馬鹿ガキたちを集めていた,アルファルファモザイク
2026-05-21,https://alfalfalfa.com/articles/11042489.html,【悲報】都議「蓮舫さん、政治生命のためにも会長選の出馬辞退を…落選は明らか」 　←　蓮舫「アタシを誰だと思ってんの？失礼だろ!!」,アルファルファモザイク
2026-05-21,https://alfalfalfa.com/articles/11042473.html,【動画】美魔女ガールズバー経営者、逮捕されても接客モードwwwwwww,アルファルファモザイク
2026-05-21,https://alfalfalfa.com/articles/11042287.html,【嫉妬】高校生カップル、電車で座席を広く使ってしまうｗｗｗｗｗｗｗｗｗｗｗｗｗｗｗｗ【Pickup】,アルファルファモザイク
2026-05-21,https://alfalfalfa.com/articles/11042464.html,【悲報】渡邊渚アナ「ＰＴＳＤの強烈なフラッシュバック」で心身ボロボロ「涙が止まらない」,アルファルファモザイク
2026-05-21,https://alfalfalfa.com/articles/11042458.html,【画像】人気アイドルグループ(20代前半)に38才おばさんが混ざった結果wwwwwwwww,アルファルファモザイク
2026-05-21,https://alfalfalfa.com/articles/11042454.html,耳切り落とした疑い、山口組系幹部を逮捕 「警察に絶対に言うなよ」…福岡,アルファルファモザイク
2026-05-21,https://hamusoku.com/archives/10996162.html,コメ価格　暴落中,ハムスター速報
2026-05-21,https://hamusoku.com/archives/10996087.html,人事異動もAIが決める時代に,ハムスター速報
2026-05-21,https://hamusoku.com/archives/10996104.html,Vtuberさんの実家　ボッコボコに荒れすぎて配信できない状況に追い込まれる,ハムスター速報
2026-05-21,https://hamusoku.com/archives/10996096.html,ベトナム中国人転売ヤーの商材となっていたポケモンカード　遂にマイナンバーカードを使用した本人確認システムの導入へ　転売ヤーとアンチマイナンバー勢が発狂,ハムスター速報
2026-05-21,https://hamusoku.com/archives/10996090.html,【Fランチューチュー大学】武雄アジア大学「今ならうちに入学してくれれば家賃も交通費も自動車免許の費用も税金から出します！みんなでK-POPを学ぶ為に来て！！！」,ハムスター速報
2026-05-21,https://hamusoku.com/archives/10996044.html,【相模原バール少年団】栃木強盗殺人事件の実行犯のtiktok←友達もヤバイ,ハムスター速報
2026-05-21,https://hamusoku.com/archives/10996052.html,栃木強盗殺人事件の指示役・竹前海斗　ジャニーズのオーディションを受けていた…卒アルも公開される,ハムスター速報
2026-05-21,https://hamusoku.com/archives/10996038.html,地下アイドル・森なづなさん　デビューしてすぐにカラオケ下着動画が流出「正直、今後どのような暴露や過去の出来事が出てくるのか、自分自身でも分からない部分があります」,ハムスター速報
2026-05-21,https://hamusoku.com/archives/10995872.html,３４歳婚活女子として世間を震撼させている中野綾香さん　またやらかしてしまう,ハムスター速報
2026-05-20,https://alfalfalfa.com/articles/11042196.html,【悲報】松本人志「モテはもういいのよ、常に笑いが起きないとムズムズすんねんw」WWWWWWWWWWWWWWWW,アルファルファモザイク
2026-05-20,https://alfalfalfa.com/articles/11041972.html,【画像】栃木闇バイト殺人、指示役の女(25)の顔面開示ｗｗｗｗｗ【HotTweets】,アルファルファモザイク
2026-05-20,https://alfalfalfa.com/articles/11042182.html,【悲報】カルビー、ガチで政府から「売名行為だ」「過剰反応だ」と問題視されていた,アルファルファモザイク
2026-05-20,https://alfalfalfa.com/articles/11042162.html,【悲報】栃木強盗殺人、少年ら被害者の犬も殺したか,アルファルファモザイク
2026-05-20,https://alfalfalfa.com/articles/11041954.html,【悲報】西野七瀬「え？この格好でランウェイを歩くんですか？」　【Pickup】,アルファルファモザイク
2026-05-20,https://alfalfalfa.com/articles/11042157.html,【悲報】大阪人さん、東京のうどんにご不満のご様子,アルファルファモザイク
2026-05-20,https://hamusoku.com/archives/10995873.html,【飲食店の闇】閉店したWILD CATs'さん「料理はカビだけ取って提供してました！時効だから許して！」,ハムスター速報
2026-05-20,https://hamusoku.com/archives/10995876.html,一橋大学特任教授　遂に気付く「社会保険料って重い負担なんじゃない？」,ハムスター速報
2026-05-20,https://hamusoku.com/archives/10995861.html,【社民党】なぜか世界中のスパイに詳しいラサール石井さん「各国のスパイは優秀、スパイ防止法案で捕まるマヌケなスパイはいない」スパイの存在を自白,ハムスター速報
2026-05-20,https://hamusoku.com/archives/10995840.html,【将棋界にも女子枠の波】棋士編入試験で全敗中の福間女流五冠　謎の追加ルールで棋士になれる可能性が浮上,ハムスター速報
2026-05-20,https://hamusoku.com/archives/10995825.html,【オワコン】ニコニコ動画　クソすぎる値上げでNETFLIXを越える強気の価格に,ハムスター速報
2026-05-20,https://hamusoku.com/archives/10995813.html,"婚活女子「婚活していると""普通の男性""の少なさに驚く。身長170cm以上年収500万円以上って約7割は消える。そこにイケメン、清潔感、コミュ力だとか追加されると残るのは1割。」",ハムスター速報
2026-05-20,https://hamusoku.com/archives/10995775.html,【TBSひるおび】元体操選手・田中理恵さん　栃木強盗殺人事件の実行役・相模原バール少年団の”今後の人生”の心配して炎上中,ハムスター速報
2026-05-20,https://hamusoku.com/archives/10995773.html,栃木強盗殺人事件の指示役・竹前美結のSNSダンス動画　見つかる,ハムスター速報
2026-05-20,https://hamusoku.com/archives/10995555.html,サブウェイの注文方法　難しくて草,ハムスター速報
2026-05-19,https://alfalfalfa.com/articles/11041892.html,【画像】松たか子さん(48)、とんでもないドレスをうっかり着てしまう,アルファルファモザイク
2026-05-19,https://alfalfalfa.com/articles/11041882.html,【朗報】高市さん韓国に到着するも、国賓待遇でデモも起こらないｗｗｗｗｗ,アルファルファモザイク
2026-05-19,https://alfalfalfa.com/articles/11041627.html,【サンモニ】識者さん「中国は余裕綽々、トランプは借りてきた猫だった」→ ネット「これもう完全に中国ペースじゃんｗｗｗ」【HotTweets】,アルファルファモザイク
2026-05-19,https://alfalfalfa.com/articles/11041858.html,刑務所「再犯者の7割が無職なの！企業はもっと採用して😠」,アルファルファモザイク
2026-05-19,https://alfalfalfa.com/articles/11041829.html,【画像】栃木強盗殺人指示役の美結(みゆ)容疑者25歳の顔ｗｗｗｗｗｗｗｗ,アルファルファモザイク
2026-05-19,https://alfalfalfa.com/articles/11041621.html,【動画】人気アイドルさん、とんでもない動画が公開されてしまうｗｗｗ【Pickup】,アルファルファモザイク
2026-05-19,https://alfalfalfa.com/articles/11041828.html,【悲報】是枝裕和監督×綾瀬はるか＆大悟W主演映画、カンヌ国際映画祭でまさかの酷評…「期待外れ」との声も,アルファルファモザイク
2026-05-19,https://hamusoku.com/archives/10995565.html,Amazon無在庫転売　無料で品物が貰えると話題に,ハムスター速報
2026-05-19,https://hamusoku.com/archives/10995629.html,兵庫県の住宅で女性２人が刺されて死亡　また闇バイト強盗殺人か？,ハムスター速報
2026-05-19,https://hamusoku.com/archives/10995559.html,闇バイト裁判傍聴歴10年超の人が語る闇バイトに狙われやすい家　闇バイト強盗への対策はまさかのこれ,ハムスター速報
2026-05-19,https://hamusoku.com/archives/10995554.html,居酒屋の倒産急増し過去最多ペース←そりゃそうだろの声,ハムスター速報
2026-05-19,https://hamusoku.com/archives/10995553.html,【女子御三家】桜蔭の隣に盗撮魔・露出狂が大喜びするタワマン建設へ,ハムスター速報
2026-05-19,https://hamusoku.com/archives/10995543.html,マクドナルドのちいかわハッピーセットフィギュア　品質がヤバイ,ハムスター速報
2026-05-19,https://hamusoku.com/archives/10995537.html,東京地検「渋谷のスクランブル交差点で放火してもセーフ！不起訴！！！」,ハムスター速報
2026-05-19,https://hamusoku.com/archives/10993555.html,満員電車でおっさんのスマホ覗き見した結果ｗｗｗ,ハムスター速報
2026-05-19,https://hamusoku.com/archives/10993552.html,小説家目指して毎日小説を書き続けたワイ　４１歳にして遂に月収が１万円を超えそう,ハムスター速報
2026-05-19,https://hamusoku.com/archives/10995314.html,岐阜県労働組合総連合「若者が健康に暮らすには…1人暮らし月27万円必要」,ハムスター速報
2026-05-18,https://alfalfalfa.com/articles/11041551.html,自民、マイナカード取得義務化を提言へ,アルファルファモザイク
2026-05-18,https://alfalfalfa.com/articles/11041546.html,【悲報】JA「米の在庫が余りすぎてヤバイ！農家は作りすぎないで！！」 😅,アルファルファモザイク
2026-05-18,https://alfalfalfa.com/articles/11041313.html,【炎上】元同志社大教授「親でも娘の意思を代弁すべきではない」→ 辺野古事故の遺族がブチギレ【HotTweets】,アルファルファモザイク
2026-05-18,https://alfalfalfa.com/articles/11041527.html,カズレーザー、麻辣湯を食べない理由明かす「具材選びながらみんな喋ってるし、そもそも選ぶのが嫌」,アルファルファモザイク
2026-05-18,https://alfalfalfa.com/articles/11041518.html,【朗報】秋田の新スタジアムに寄付が1000万円集まる,アルファルファモザイク
2026-05-18,https://alfalfalfa.com/articles/11041504.html,【画像】意地悪ポテチ、出来上がってしまうwwwwww,アルファルファモザイク
2026-05-18,https://alfalfalfa.com/articles/11041308.html,【動画】お姉さん、クジラという規格外の生き物にビビりまくるｗｗｗｗｗｗ【Pickup】,アルファルファモザイク
2026-05-18,https://alfalfalfa.com/articles/11041488.html,【悲報】高畑裕太「女性と関係を持ったのは事実だが、美人局だった｣　　→　当該女性「驚いている。当時の事実が全て｣,アルファルファモザイク
2026-05-18,https://hamusoku.com/archives/10995310.html,【ストフェス2026】今年も女性コスプレイヤーにローアングルカメラマン達が殺到ｗｗｗｗｗｗｗｗｗｗｗ,ハムスター速報
2026-05-18,https://hamusoku.com/archives/10995306.html,【沖縄の闇】ひろゆき「辺野古の反基地運動をいじったら地上波テレビに呼ばれなくなった」,ハムスター速報
2026-05-18,https://hamusoku.com/archives/10993546.html,ワイ、自分でツーブロックにした結果失敗してしまうｗｗｗｗｗｗｗｗｗｗｗｗ,ハムスター速報
2026-05-18,https://hamusoku.com/archives/10995247.html,１０００万円かけて整形した結果ビフォーアフター,ハムスター速報
2026-05-18,https://hamusoku.com/archives/10995239.html,外国人犯罪者と戦うへずまりゅう議員　政務活動費を返納しぐう聖すぎると話題に,ハムスター速報
2026-05-18,https://hamusoku.com/archives/10993542.html,ワイの家の冷蔵庫が氷漬けになっとる,ハムスター速報
2026-05-18,https://hamusoku.com/archives/10995201.html,【野球】NPBが今シーズンから導入した『リプレイセンター』いきなり誤審をやらかし無能すぎると話題に「まじで煽りとかじゃ無くて眼科行った方がいいと思う」,ハムスター速報
2026-05-18,https://hamusoku.com/archives/10995195.html,栃木強盗殺人事件の指示役だった女性　生後7か月の長女とビジネスホテルで潜伏し逮捕される,ハムスター速報
2026-05-18,https://hamusoku.com/archives/10994800.html,日本最高齢のフィットネスインストラクターおばあちゃん　強すぎると話題に,ハムスター速報
2026-05-17,https://alfalfalfa.com/articles/11041201.html,【ホロライブ切り抜き】わため、ガンダムコラボでスバルだけタンクトップの可能性を言及wwwwww【PickupYoutube】,アルファルファモザイク
2026-05-17,https://alfalfalfa.com/articles/11041244.html,日経「辺野古の報道時間はたった数時間、京都南丹殺人事件は36時間」,アルファルファモザイク
2026-05-17,https://alfalfalfa.com/articles/11041221.html,【悲報】名探偵コナン、テロップで叩かれる,アルファルファモザイク
2026-05-17,https://alfalfalfa.com/articles/11041219.html,【大悲報】高市首相の公設第一秘書、文春砲のネガキャン動画作成について否定せず「しつこい。しつこい。なんとでも書き。答えないから」,アルファルファモザイク
2026-05-17,https://alfalfalfa.com/articles/11041212.html,【悲報】松本人志さん、俳優・ジャニーズとボクらの時代みたいなトーク番組をやってしまうｗｗｗｗｗｗ,アルファルファモザイク
2026-05-17,https://alfalfalfa.com/articles/11041205.html,【動画】渋谷でイキリちらかしたGT-R、タクシーと衝突大破ｗｗｗｗｗｗｗｗｗｗｗ,アルファルファモザイク
2026-05-17,https://hamusoku.com/archives/10995092.html,栃木強盗殺人事件を起こした相模原バール少年団　横浜の無職夫婦に指示されていた,ハムスター速報
2026-05-17,https://hamusoku.com/archives/10994801.html,アメリカ人　遂に気付く「セルフレジってワイ達には無理じゃね？」,ハムスター速報
2026-05-17,https://hamusoku.com/archives/10994713.html,ワイ将、3000万でFIREするも早くも飽きる,ハムスター速報
2026-05-17,https://hamusoku.com/archives/10994722.html,胸ポケットたぬきさん　かわいい,ハムスター速報
2026-05-17,https://hamusoku.com/archives/10994484.html,ついさっき20歳になったワイ、酒を飲む,ハムスター速報
2026-05-17,https://hamusoku.com/archives/10994990.html,【ポケカの闇】ポケモンカード転売ヤー達が大量にポケカをゲットしていた方法が公開される,ハムスター速報
2026-05-17,https://hamusoku.com/archives/10993859.html,担任「あったま来た！職員室戻るわ！」←これ,ハムスター速報
2026-05-17,https://hamusoku.com/archives/10994952.html,【就活】内定あるのに人事部に報復する為だけに就活続行する就活生が無敵すぎる,ハムスター速報
2026-05-17,https://hamusoku.com/archives/10994950.html,【日本人差別】イオンさん　日本人が使えない外国人限定の割引サービス開始,ハムスター速報
2026-05-17,https://hamusoku.com/archives/10993276.html,ワイ家のイカれたメンバーを紹介するぜ！,ハムスター速報
2026-05-17,https://hamusoku.com/archives/10994442.html,転売ヤーさん　エンジンオイルまで買い溜めして転売やりだす,ハムスター速報
2026-05-16,https://alfalfalfa.com/articles/11040841.html,"【ホロライブ切り抜き】配信でサラッと、とんでもないことを""日記帳感覚""で暴露するころさんwwwwww【PickupYoutube】",アルファルファモザイク
2026-05-16,https://alfalfalfa.com/articles/11040887.html,【朗報】栃木強盗殺人、全員逮捕,アルファルファモザイク
2026-05-16,https://alfalfalfa.com/articles/11040844.html,【画像】アメリカで日本の住宅メーカーのシェアが6%まで拡大、町並みが日本みたいになってしまう‥‥,アルファルファモザイク
2026-05-16,https://alfalfalfa.com/articles/11040877.html,【悲報】東大爆破予告　内容は「爆破をして神谷代表を殺す」という趣旨,アルファルファモザイク
2026-05-16,https://alfalfalfa.com/articles/11040837.html,【悲報】エハラマサヒロさん、軽い気持ちでモノマネ動画を投稿 → 想像以上にヤバい展開になってしまう…【HotTweets】,アルファルファモザイク
2026-05-16,https://alfalfalfa.com/articles/11040864.html,【朗報】パチンコ店、ガチのマジで次々と閉鎖ｗｗｗｗｗｗｗｗｗｗｗ,アルファルファモザイク
2026-05-16,https://alfalfalfa.com/articles/11040848.html,【画像】中国女さん、大学四年間で変わりすぎてしまう,アルファルファモザイク
2026-05-16,https://hamusoku.com/archives/10992803.html,サムライ８って凄かったよな,ハムスター速報
2026-05-16,https://hamusoku.com/archives/10994797.html,【東大】参政党・神谷宗幣代表の講演会が開かれる予定だった五月祭にしばき隊が集結　爆破予告や刺殺ポストまで見つかり中止に,ハムスター速報
2026-05-16,https://hamusoku.com/archives/10994792.html,元乃木坂４６・齋藤飛鳥さんの着用中のパンツが特定されあまりの価格に衝撃が走る,ハムスター速報
2026-05-16,https://hamusoku.com/archives/10994725.html,テレビさん　”飲める赤いハンバーグ”でキャッキャしてしまう,ハムスター速報
2026-05-16,https://hamusoku.com/archives/10994740.html,【栃木】上三川町強盗殺人事件　１６歳の少年達が続々と逮捕される,ハムスター速報
2026-05-16,https://hamusoku.com/archives/10994700.html,広島カープ　ゾンビたばこに汚染されていた,ハムスター速報
2026-05-16,https://hamusoku.com/archives/10994699.html,川崎市のハゲ　発狂,ハムスター速報
2026-05-16,https://hamusoku.com/archives/10994696.html,新幹線の線路に立ち入り逮捕されたブラジル人　静岡地検「外国人なのでセーフ！諸般の事情を考慮！！！」,ハムスター速報
2026-05-16,https://hamusoku.com/archives/10992761.html,ワイ、ガチャガチャショップの店員お姉さんと会話する,ハムスター速報
2026-05-15,https://alfalfalfa.com/articles/11040537.html,【悲報】中居正広さん、静かに消えゆく,アルファルファモザイク
2026-05-15,https://alfalfalfa.com/articles/11040532.html,【有能】高市早苗氏「トランプ大統領と電話会談を行いました」,アルファルファモザイク
2026-05-15,https://alfalfalfa.com/articles/11040521.html,【悲報】蓮舫さん、立憲民主党東京都連の会長選で敗北ｗｗｗｗｗｗ,アルファルファモザイク
2026-05-15,https://alfalfalfa.com/articles/11040290.html,【裁判】インフルエンサー宮崎麗果被告、1.5億円脱税を認め懲役2年6カ月を求刑されてしまう…【HotTweets】,アルファルファモザイク
2026-05-15,https://alfalfalfa.com/articles/11040493.html,【悲報】エハラマサヒロさん、性犯罪者のモノマネを披露し無事炎上…,アルファルファモザイク
2026-05-15,https://alfalfalfa.com/articles/11040287.html,【画像】外国人の15歳って老けすぎｗｗｗｗｗｗｗｗｗｗｗｗｗｗｗｗｗｗｗｗｗｗｗｗｗｗｗｗｗｗｗｗｗｗｗｗｗ【Pickup】,アルファルファモザイク
2026-05-15,https://hamusoku.com/archives/10994486.html,【沖縄】女子高生死亡事件を起こした辺野古反基地団体「ヘリ基地反対協議会」中国プロパガンダ機関とつながっていた事が判明,ハムスター速報
2026-05-15,https://hamusoku.com/archives/10994378.html,ネッコのねこねこジェットコースター　可愛くて草,ハムスター速報
2026-05-15,https://hamusoku.com/archives/10994386.html,ホロライブ　ヤバイ・・・,ハムスター速報
2026-05-15,https://hamusoku.com/archives/10994421.html,【JESTA】立憲・中道・共産「外国人移民に厳しい高市政権を絶対に許さない！外国人移民に負担を課すのをやめろ！」,ハムスター速報
2026-05-15,https://hamusoku.com/archives/10994391.html,大食いYouTuberさん　あまりにも食べ方が汚くて炎上,ハムスター速報
2026-05-15,https://hamusoku.com/archives/10994374.html,【名探偵コナン】毛利蘭の声優・山崎和佳奈さん　死去,ハムスター速報
2026-05-15,https://hamusoku.com/archives/10994368.html,８時間で３００万円稼ぐコンサルタント　見つかる,ハムスター速報
2026-05-15,https://hamusoku.com/archives/10994363.html,中国のNTR　レベルが違うｗｗｗｗｗｗｗ,ハムスター速報
2026-05-15,https://hamusoku.com/archives/10994359.html,子育て家庭がベビーシッター減税よりも望んでいること,ハムスター速報
2026-05-15,https://hamusoku.com/archives/10993522.html,【元欅坂46】長濱ねるさん　後ろを向くだけでオタを発狂させてしまう,ハムスター速報
2026-05-14,https://alfalfalfa.com/articles/11040200.html,【悲報】岸谷蘭丸「犯罪者のメディア復帰が納得いかない？お前らが悔しいだけだろ？ｗ」,アルファルファモザイク
2026-05-14,https://alfalfalfa.com/articles/11040195.html,【悲報】共産党市議「いいから生活保護を認めろ！今すぐ金を出せ！」→ハラスメント認定,アルファルファモザイク
2026-05-14,https://alfalfalfa.com/articles/11040001.html,【大荒れ】チー牛に返り討ちにされたヤンキー、服特定でネットのおもちゃ化が止まらないｗｗｗ【HotTweets】,アルファルファモザイク
2026-05-14,https://alfalfalfa.com/articles/11040179.html,【動画】1987年 アイドル水着ファッションショーwwwwwwwwwwwwwwwwwww,アルファルファモザイク
2026-05-14,https://hamusoku.com/archives/10992759.html,学生時代にインパクトあった奴あげてけｗｗｗｗｗｗｗｗｗ,ハムスター速報
2026-05-14,https://hamusoku.com/archives/10994054.html,黄色いシエンタ警報　リアルMFゴーストドラレコ動画見つかる,ハムスター速報
2026-05-14,https://hamusoku.com/archives/10994091.html,ネットを震撼させ続けている３４歳婚活女性・中野綾香さん　迷言を残す,ハムスター速報
2026-05-14,https://hamusoku.com/archives/10994058.html,【予算７兆円】三原じゅん子「こども家庭庁の成果？無いです」,ハムスター速報
2026-05-14,https://hamusoku.com/archives/10994047.html,【多文化共生】不法残留中のベトナム人達　世田谷一家殺害事件の家に侵入し窃盗,ハムスター速報
2026-05-14,https://hamusoku.com/archives/10994042.html,京都大学の女子枠教授　みいちゃんレベルの研究をやっていた事が判明　京都大学「育児で忙しかったから論文改竄もセーフ！女性ならデータもいじっていいぞ！！！」,ハムスター速報
2026-05-14,https://hamusoku.com/archives/10990376.html,ワイ、便器の蓋に脱糞し逃走,ハムスター速報
2026-05-14,https://hamusoku.com/archives/10994011.html,【令和の小保方晴子】京都大学の小田裕香子教授(女子枠)　論文不正と女性である事が評価されて教授に昇進　内部告発した男性ポスドクは解雇される,ハムスター速報
2026-05-13,https://alfalfalfa.com/articles/11039907.html,【速報】国交省「事故のバス、謝礼程度の金額なら白タク行為に当たらない」,アルファルファモザイク
2026-05-13,https://alfalfalfa.com/articles/11039803.html,【ホロライブ切り抜き】リスナーのコメントにキレ散らかすも、3秒後にごめんねするみこちゃんｗｗｗｗｗｗｗｗ【PickupYoutube】,アルファルファモザイク
2026-05-13,https://alfalfalfa.com/articles/11039904.html,【画像】レベルファイブ「海賊版をやめてください」←外国人ブチギレw,アルファルファモザイク
2026-05-13,https://alfalfalfa.com/articles/11039874.html,【悲報】コスプレイヤーさん、5万円で依頼した小道具の出来栄えがひどすぎて発狂,アルファルファモザイク
2026-05-13,https://alfalfalfa.com/articles/11039861.html,【動画】関西ABCテレビ、地上波で渾身の辺野古特集「あまりに異質な事故」,アルファルファモザイク
2026-05-13,https://alfalfalfa.com/articles/11039842.html,【画像】チー牛に負けたヤンキーさんのコーディネート晒されてしまうwww,アルファルファモザイク
2026-05-13,https://alfalfalfa.com/articles/11039622.html,羊宮妃那(25)という弱者男性特化で成り上がった声優wwww【Pickup】,アルファルファモザイク
2026-05-13,https://alfalfalfa.com/articles/11039819.html,【画像】最新の藤原紀香さん(54)のエグすぎるスタイルｗｗｗｗｗｗ,アルファルファモザイク
2026-05-13,https://alfalfalfa.com/articles/11039812.html,【無能速報】共同通信「坂本が結婚発表」,アルファルファモザイク
2026-05-13,https://alfalfalfa.com/articles/11039802.html,【悲報】「看護師が水を飲んでた」医療従事者にクレーム相次ぐ,アルファルファモザイク
2026-05-13,https://hamusoku.com/archives/10993851.html,【龍が如く】元セガ名越稔洋さん　チー牛の呪いで行方不明になる,ハムスター速報
2026-05-13,https://hamusoku.com/archives/10993879.html,３４歳婚活女性　年収１３００万円の男性を煽る,ハムスター速報
2026-05-13,https://hamusoku.com/archives/10993842.html,中道改革連合　ようやく反省会を開催←何を言ってるのかガチで理解できないと話題に,ハムスター速報
2026-05-13,https://hamusoku.com/archives/10993843.html,チー牛にボコられたヤンキーやまかい君　服が特定され誰もが”やまかい”になれる時代に,ハムスター速報
2026-05-13,https://hamusoku.com/archives/10989963.html,若ハゲなんだけどもう色々諦めてるわ,ハムスター速報
2026-05-13,https://hamusoku.com/archives/10993826.html,【Youtube】ショート動画系チャンネルさん　収益停止でご乱心,ハムスター速報
2026-05-13,https://hamusoku.com/archives/10993527.html,アメリカのチップ文化　アメリカ人自身もドン引きするレベルでクソ文化だと話題に,ハムスター速報
2026-05-13,https://hamusoku.com/archives/10989960.html,みいちゃん型ニートワイ、社会復帰に絶望,ハムスター速報
2026-05-13,https://hamusoku.com/archives/10989956.html,ワイ氏、健康診断にひっかかる,ハムスター速報
2026-05-13,https://hamusoku.com/archives/10993521.html,ネコさん　致命的なバグが見つかるｗｗｗｗ,ハムスター速報
2026-05-12,https://alfalfalfa.com/articles/11039492.html,【ホロライブ切り抜き】ころねとヴィヴィ、大声指示ムーブがレポ組に流行ってしまい超カオスな事になってしまうｗｗｗ【PickupYoutube】,アルファルファモザイク
2026-05-12,https://alfalfalfa.com/articles/11039543.html,【悲報】トランプ「なぜキューバ政権まだ崩壊してないのか！」と側近にブチギレ,アルファルファモザイク
2026-05-12,https://alfalfalfa.com/articles/11039539.html,【朗報】高市早苗さん、政治家に成り上がるまでの方法がスゴすぎて草。これは間違いなく女傑,アルファルファモザイク
2026-05-12,https://alfalfalfa.com/articles/11039346.html,【税金案件】外国人へのごみ出しルール周知などを国の交付税で半額負担へ…多文化共生支援が拡大【HotTweets】,アルファルファモザイク
2026-05-12,https://alfalfalfa.com/articles/11039520.html,【悲報】石丸伸二さん、元ミス東大・神谷明采さんにボロクソ言われてしまうｗｗｗｗｗ,アルファルファモザイク
2026-05-12,https://alfalfalfa.com/articles/11039504.html,【悲報】ヒカルさん、今度はナイナイ岡村を批判「つまらないしトーク力もない」,アルファルファモザイク
2026-05-12,https://alfalfalfa.com/articles/11039490.html,【速報】「食べログ」「価格.com」、5900億円で買収されてしまうｗｗｗ,アルファルファモザイク
2026-05-12,https://hamusoku.com/archives/10993559.html,【民度最底辺】バケモンみたいなLUUP動画　見つかる,ハムスター速報
2026-05-12,https://hamusoku.com/archives/10993563.html,不倫していた托卵妻　DNA鑑定されてガチギレ,ハムスター速報
2026-05-12,https://hamusoku.com/archives/10993519.html,愛媛大学・大橋淳史准教授「女子枠という差別はあったけど、大学院なら女子枠ないから頑張ろう！」「訴訟なんかせず前を向こう！」女子枠の被害者に謎のアドバイスをして炎上中,ハムスター速報
2026-05-12,https://hamusoku.com/archives/10993518.html,ふるさと納税　クソすぎると話題に,ハムスター速報
2026-05-12,https://hamusoku.com/archives/10993558.html,藤咲碧羽ちゃん　あまりにも歌が上手すぎる上に可愛すぎると話題に　もうこれ覇権コンテンツだろ,ハムスター速報
2026-05-12,https://hamusoku.com/archives/10993532.html,チー牛とヤンキー　殴り合いをした結果,ハムスター速報
2026-05-12,https://hamusoku.com/archives/10993515.html,Youtuber「移民受け入れ賛成派の家に移民を連れて行く社会実験やってみた」,ハムスター速報
2026-05-12,https://hamusoku.com/archives/10989327.html,IT業界、病んで行方不明とか死亡が当たり前のように起きてる,ハムスター速報
2026-05-12,https://hamusoku.com/archives/10992873.html,新ジャンル　ネコvsスニーカー,ハムスター速報
2026-05-11,https://alfalfalfa.com/articles/11039223.html,【悲報】サバンナ高橋、15年続けたCMを失う…,アルファルファモザイク
2026-05-11,https://alfalfalfa.com/articles/11039146.html,【ホロライブ切り抜き】ヴィヴィとの写真でひと言対決などコントが止まらないホロREPO各視点ここ好きまとめ【PickupYoutube】,アルファルファモザイク
2026-05-11,https://alfalfalfa.com/articles/11039214.html,【画像】「セブンイレブン」vs「ローソンストア」50%増量 対決ｗｗｗｗｗｗｗ,アルファルファモザイク
2026-05-11,https://alfalfalfa.com/articles/11039206.html,【悲報】高市早苗「レジ改修に1年かかるのは日本として恥ずかしい」,アルファルファモザイク
2026-05-11,https://alfalfalfa.com/articles/11038969.html,【知らなかった？】同志社国際高校の保護者へ…平和学習の名目で生徒が乗せられていた船がこちら【HotTweets】,アルファルファモザイク
2026-05-11,https://alfalfalfa.com/articles/11039195.html,ハンマーおじ、元気そう「知らない人たちからの差し入れ、励まされる」,アルファルファモザイク
2026-05-11,https://alfalfalfa.com/articles/11039191.html,ALSOK現金輸送社員「ATMから金盗めば最強やん！」→逮捕,アルファルファモザイク
2026-05-11,https://hamusoku.com/archives/10993370.html,【BreakingDown】炎上中の中国産こめおカニラーメン　本人が中国産であることを認めた上にムスリム向けのラーメンであることを発表,ハムスター速報
2026-05-11,https://hamusoku.com/archives/10993358.html,３５歳AV女優が婚活した結果,ハムスター速報
2026-05-11,https://hamusoku.com/archives/10993316.html,男子大学生　止まってた車に自転車で突っ込んで死亡,ハムスター速報
2026-05-11,https://hamusoku.com/archives/10993296.html,【BreakingDown】こめおが開店したカニラーメン店「かにを」口コミ評価が炎上中,ハムスター速報
2026-05-11,https://hamusoku.com/archives/10993270.html,キャバ嬢ゆいぴす　客のことをゴミ、ソープ嬢をゴミ収集車呼びしてしまう,ハムスター速報
2026-05-11,https://hamusoku.com/archives/10993238.html,中国人転売ヤーが絶対に儲かる『消費税免税転売』を動画化　全国の中国人転売ヤー「！！！」,ハムスター速報
2026-05-11,https://hamusoku.com/archives/10991311.html,MBTIとかいうエセ科学　未だに流行してしまう,ハムスター速報
2026-05-11,https://hamusoku.com/archives/10993236.html,総務省「日本人の税金で外国人にゴミ出しルールを教えます！多文化共生支援！！！」,ハムスター速報
2026-05-11,https://hamusoku.com/archives/10989331.html,死刑反対派「死刑は更生の余地を奪う残虐行為！廃止しろ！」ワイ「ホンマかなぁ？ＡＩ君、調べて」,ハムスター速報
2026-05-10,https://alfalfalfa.com/articles/11038898.html,サバンナ八木、謝罪「全てコンビであるサバンナの責任」,アルファルファモザイク
2026-05-10,https://alfalfalfa.com/articles/11038893.html,【画像】人気漫画家「これが1999年の団地の居間だ！！」,アルファルファモザイク
2026-05-10,https://alfalfalfa.com/articles/11038660.html,【波紋】三重県の公務員、国籍条項復活反対署名にサインさせられたとの投稿が話題に…【HotTweets】,アルファルファモザイク
2026-05-10,https://alfalfalfa.com/articles/11038855.html,北越高校「バス会社→運転手への支払い33000円の封筒を見つけました。バス会社は嘘をついています。」,アルファルファモザイク
2026-05-10,https://alfalfalfa.com/articles/11038843.html,キオクシアの年間営業利益、トヨタ超えへ,アルファルファモザイク
2026-05-10,https://alfalfalfa.com/articles/11038838.html,【朗報】ダウンタウンプラスさん、YouTubeの無料配信が想像の１０倍再生されるｗｗｗｗｗ,アルファルファモザイク
2026-05-10,https://hamusoku.com/archives/10987740.html,おっさんになるとゲームができなくなる,ハムスター速報
2026-05-10,https://hamusoku.com/archives/10992825.html,ミスった新人「誠にごめんなさい」ワイ「謝るのはええんやけど、なんでミスったか経緯含めて教えて」,ハムスター速報
2026-05-10,https://hamusoku.com/archives/10992978.html,YouTuber　終わる,ハムスター速報
2026-05-10,https://hamusoku.com/archives/10992976.html,NTTドコモのクソ回線　ガチだった・・・auソフトバンクと圧倒的な差,ハムスター速報
2026-05-10,https://hamusoku.com/archives/10992921.html,結婚したいのか悩んでる人が読むべきマンガ,ハムスター速報
2026-05-10,https://hamusoku.com/archives/10990792.html,親父、セクハラで減給,ハムスター速報
2026-05-10,https://hamusoku.com/archives/10992857.html,後藤たけしさん　ハマグリを密漁していた中国人を捕まえる,ハムスター速報
2026-05-10,https://hamusoku.com/archives/10992856.html,飲食店業界「高市政権の規制で外国人が雇えなくて潰れそうなんですけど！？日本人を雇わなくちゃいけなくなったけどどうしてくれんの！！？？？」,ハムスター速報
2026-05-10,https://hamusoku.com/archives/10992805.html,ワイ、友達が人生の次のステップを歩もうとしてて焦り始める,ハムスター速報
2026-05-10,https://hamusoku.com/archives/10992454.html,キッチンカーの闇,ハムスター速報
2026-05-09,https://alfalfalfa.com/articles/11038568.html,日本政府「出生率上げるために独身税導入しました♥」←これ,アルファルファモザイク
2026-05-09,https://alfalfalfa.com/articles/11038423.html,【ホロライブ切り抜き】ホロライブ歌ってみた週間ランキング  viewed cover song  week 2026/5/1～5/8【PickupYoutube】,アルファルファモザイク
2026-05-09,https://alfalfalfa.com/articles/11038562.html,【訃報】ホラー小説「リング」「らせん」の作家、鈴木光司さん死去　68歳,アルファルファモザイク
2026-05-09,https://alfalfalfa.com/articles/11038558.html,【磐越道バス事故】運行会社、以前も高校側借主でレンタカーのバス手配,アルファルファモザイク
2026-05-09,https://alfalfalfa.com/articles/11038444.html,【疑問】バス事故の運転手は翌日逮捕、辺野古抗議船事故は1ヶ月経っても誰も逮捕されないのは何故なのか…【HotTweets】,アルファルファモザイク
2026-05-09,https://alfalfalfa.com/articles/11038549.html,小籔千豊さん、『母の日』への違和感を吐露 「どこの馬の骨かわからんヤツに決められて、なんでその日に一斉に…」,アルファルファモザイク
2026-05-09,https://alfalfalfa.com/articles/11038539.html,【悲報】ひろゆき氏「女子高生が一人死んだくらいで極左暴力集団が飯のタネを捨てるわけがないよね」,アルファルファモザイク
2026-05-09,https://alfalfalfa.com/articles/11038536.html,【画像】野球観戦でとんでもないことが起きてしまうwwww,アルファルファモザイク
2026-05-09,https://alfalfalfa.com/articles/11038524.html,【画像】宇垣美里のJS、JC美少女時代wwwwwww,アルファルファモザイク
2026-05-09,https://alfalfalfa.com/articles/11038258.html,【動画】のんさん(32)、めちゃめちゃかわいいｗｗｗ【Pickup】,アルファルファモザイク
2026-05-09,https://hamusoku.com/archives/10992757.html,GW入る直前に上司から仕事渡される→GW明けに「あの仕事まだできてないの？」,ハムスター速報
2026-05-09,https://hamusoku.com/archives/10992404.html,エアコン室外機窃盗で稼いでる外国人グループが１台売って稼げる金額,ハムスター速報
2026-05-09,https://hamusoku.com/archives/10992723.html,新感覚セラピー　悶絶不可避ｗｗｗｗｗｗｗｗｗｗｗ,ハムスター速報
2026-05-09,https://hamusoku.com/archives/10992742.html,【ポケカバブル終了】中国で大量に偽造ポケモンカードが作られメルカリ・ヤフーフリマ等のフリマサイトにも出品され始める,ハムスター速報
2026-05-09,https://hamusoku.com/archives/10992725.html,【ゴミ回線】NTTドコモさん　ahamoも含めてまた値上げを匂わせる,ハムスター速報
2026-05-09,https://hamusoku.com/archives/10990874.html,都道府県の形でポケモン描く,ハムスター速報
2026-05-09,https://hamusoku.com/archives/10992724.html,辺野古沖転覆事故と北越高校バス事故を比較してわかる日本共産党バリアのパワー,ハムスター速報
2026-05-09,https://hamusoku.com/archives/10992718.html,能登半島地震で寺荒らしが儲かる事に気付いた外国人達が能登に殺到中　銅板１８０ｋｇ窃盗したスリランカ人達が逮捕される,ハムスター速報
2026-05-09,https://hamusoku.com/archives/10992717.html,【辺野古沖転覆事故】事故直前の音声動画が公開される,ハムスター速報
2026-05-09,https://hamusoku.com/archives/10992541.html,【東工大】女子枠合格者が一般枠で落ちた男性を煽る「自分の努力不足を女子枠のせいにしてるの意味わかんなくない？ 差別だーって喚いてないで、その時間で勉強したらいいのに」,ハムスター速報
2026-05-08,https://alfalfalfa.com/articles/11038216.html,【速報】中山功太を虐めていた吉本芸人がほぼ特定される,アルファルファモザイク
2026-05-08,https://alfalfalfa.com/articles/11038198.html,【悲報】「日本国民一人当たりの借金は、1094万円」,アルファルファモザイク
2026-05-08,https://alfalfalfa.com/articles/11037981.html,【地獄】コープみらい従業員の放尿騒動、以前から“荷台で用を足す社風”があった疑惑で大炎上…【HotTweets】,アルファルファモザイク
2026-05-08,https://alfalfalfa.com/articles/11038190.html,【激ヤバ】例のバス運転手、直近2カ月で4、5回事故。代車は全損,アルファルファモザイク
2026-05-08,https://alfalfalfa.com/articles/11038178.html,【朗報】プペル2、果てしなきスカーレットの興行収入まで後1億円ｗｗｗｗｗｗｗｗ,アルファルファモザイク
2026-05-08,https://hamusoku.com/archives/10992393.html,【北越高校バス事故】責任のなすりつけ合い相関図が謎過ぎると話題に,ハムスター速報
2026-05-08,https://hamusoku.com/archives/10992498.html,秋葉原トレカショップ　後払いでカードを大量買取して計画倒産疑惑だったあれ←ガチだった,ハムスター速報
2026-05-08,https://hamusoku.com/archives/10992408.html,TikTokやYouTube Shortsのショート動画依存　パチンコ依存症患者と同じ脳活動レベルに…MRI研究で判明,ハムスター速報
2026-05-08,https://hamusoku.com/archives/10992402.html,亀梨和也のファンさん　結婚式で旦那の顔を亀梨和也のうちわで隠して亀梨和也なりきりプレイをさせる鬼畜っぷりにＸ炎上,ハムスター速報
2026-05-08,https://hamusoku.com/archives/10992387.html,イギリス地方選　移民反対のリフォームUKが圧勝へ　ムスリム系も議席伸長,ハムスター速報
2026-05-08,https://hamusoku.com/archives/10992362.html,【中国】習近平さん　日本の大学に留学予定の中国人達が日本の奨学金にたからないように留学を阻止する神ムーブ,ハムスター速報
2026-05-08,https://hamusoku.com/archives/10992357.html,日本の潮干狩り文化を破壊するベトナム人中国人に唯一対抗できる議員・へずまりゅう　動く,ハムスター速報
2026-05-08,https://hamusoku.com/archives/10992049.html,ポケモンカフェきた,ハムスター速報
2026-05-07,https://alfalfalfa.com/articles/11037785.html,【ホロライブ切り抜き】船長に適当にうゆと返事をしたラインの意味を聞かれてうゆに意味なんてないと答えるぺこーらｗｗｗｗｗｗｗｗｗｗｗｗｗｗ【PickupYoutube】,アルファルファモザイク
2026-05-07,https://alfalfalfa.com/articles/11037831.html,【逆転】「Amazonで見てヨドバシで買う」人が増加…Amazonの品質問題と配送劣化で信頼が揺らぐ,アルファルファモザイク
2026-05-07,https://alfalfalfa.com/articles/11037824.html,EU、AIによる性的画像の生成を禁止へ ｗｗｗｗｗｗｗ,アルファルファモザイク
2026-05-07,https://alfalfalfa.com/articles/11037557.html,【波紋】辺野古転覆事故、抗議団体代表「私たちがやっていることは間違っていない」と発言…【HotTweets】,アルファルファモザイク
2026-05-07,https://alfalfalfa.com/articles/11037813.html,【悲報】化粧メーカーのウテナ、セラムンに似てる広告を出して謝罪ｗｗｗｗｗｗｗｗｗｗ,アルファルファモザイク
2026-05-07,https://alfalfalfa.com/articles/11037794.html,【悲報】旅系YouTuber「無敵のレオ」が収益化停止,アルファルファモザイク
2026-05-07,https://hamusoku.com/archives/10992108.html,高市政権が外食業界での特定技能外国人労働者受け入れ停止→外食業界「外国人を雇えないから日本人の採用強化します！！！」,ハムスター速報
2026-05-07,https://hamusoku.com/archives/10992058.html,【東工大】女子枠のせいで落ちた男性「女子枠とかいう合理性のかけらもない常識的に考えてあり得ない差別制度がなければ合格してたと考えると非常に腹立たしい。本当に訴訟したい。」,ハムスター速報
2026-05-07,https://hamusoku.com/archives/10987496.html,ワイ「くぅ〜wワサビは刺身に乗っけて食うのが『粋』だねぃ！w」,ハムスター速報
2026-05-07,https://hamusoku.com/archives/10992046.html,新人社員「職場がホワイトすぎるので会社辞めます！」GW中に退職代行へ殺到,ハムスター速報
2026-05-07,https://hamusoku.com/archives/10992039.html,【すき家】財務省出身のゼンショー社長「高市政権は選挙公約だからといって消費税ゼロを実現させるなよ！！！」,ハムスター速報
2026-05-07,https://hamusoku.com/archives/10992034.html,小泉今日子さんの還暦ライブ　DJが憲法９条を流すパヨパヨライブでファンドン引き　日本共産党員は感動して勇気を貰う,ハムスター速報
2026-05-07,https://hamusoku.com/archives/10992019.html,【秋田】リカーショップたかはしの店員さん　可愛すぎると話題に,ハムスター速報
2026-05-07,https://hamusoku.com/archives/10992009.html,生活協同組合コープみらいが宅配物に尿をぶっかけて宅配した事件　コープみらいが認める←宅配事情の裏側が明らかに,ハムスター速報
2026-05-07,https://hamusoku.com/archives/10991934.html,婚活市場にガチのバケモンがいると話題に,ハムスター速報
2026-05-06,https://alfalfalfa.com/articles/11037445.html,【ホロライブ切り抜き】永遠と存在しない台詞の呪詛を言い続けることでインポスターのあずちゃんを笑わせるおかゆん【PickupYoutube】,アルファルファモザイク
2026-05-06,https://alfalfalfa.com/articles/11037516.html,【朗報】銀だこ、700円突破,アルファルファモザイク
2026-05-06,https://alfalfalfa.com/articles/11037506.html,【習近平悲報】中国・北京でドローンの販売・飛行が全面禁止に　違反者は死刑,アルファルファモザイク
2026-05-06,https://alfalfalfa.com/articles/11037260.html,【悲報】「石破やめるな」左翼さん、石破茂氏の9条改正論でまた梯子を外されてしまうｗｗｗ【HotTweets】,アルファルファモザイク
2026-05-06,https://alfalfalfa.com/articles/11037489.html,【磐越道バス事故】校長「痛恨の極み」　男子ソフトテニス部員1人 車外に投げ出され死亡,アルファルファモザイク
2026-05-06,https://alfalfalfa.com/articles/11037479.html,【画像】GWの江ノ島、限界突破ｗｗｗｗｗｗｗ,アルファルファモザイク
2026-05-06,https://alfalfalfa.com/articles/11037324.html,【画像】これ橋本環奈さん………だよな？【Pickup】,アルファルファモザイク
2026-05-06,https://alfalfalfa.com/articles/11037468.html,【画像】現役JK、とんでもない低クオリティ絵で金を稼ごうとしてしまうｗｗｗｗｗ,アルファルファモザイク
2026-05-06,https://hamusoku.com/archives/10991893.html,ひろゆき「自分で食事をすることが出来ない高齢者の為に、料理をして口まで運んでくれる従者が居るのは、昔は王侯貴族の特権。 」,ハムスター速報
2026-05-06,https://hamusoku.com/archives/10990501.html,ワイの上司(課長)、パワハラで退職が決定,ハムスター速報
2026-05-06,https://hamusoku.com/archives/10991691.html,ハムスターのイチャイチャキスシーン確定演出,ハムスター速報
2026-05-06,https://hamusoku.com/archives/10991801.html,【シカゴ】万引きされまくり店を撤退すると決めたウォルグリーンズさん　万引き犯を差別し見捨てた罪で起訴されるべきとシカゴ市議会議員に怒られる,ハムスター速報
2026-05-06,https://hamusoku.com/archives/10991805.html,なぜ６０歳や７０歳にもなって企業経営や政治家の椅子にしがみつくのか？←これの真実が判明する,ハムスター速報
2026-05-06,https://hamusoku.com/archives/10991745.html,デマでお馴染みのTBSに雇われている安住紳一郎アナウンサー「３０歳前後くらいの人達は勘違いしたまま大きくなってる人が多い。偏るからテレビ見ろって感じだね。」←これ,ハムスター速報
2026-05-06,https://hamusoku.com/archives/10991720.html,３４歳婚活女性　年収３６０万円の男性に対して疑問「どうやって生活してるの？」,ハムスター速報
2026-05-06,https://hamusoku.com/archives/10991688.html,東京都民　NPOの無駄遣いの為に納税していた,ハムスター速報
2026-05-06,https://hamusoku.com/archives/10990409.html,新卒Z世代が今日休んでるんやが,ハムスター速報
2026-05-05,https://alfalfalfa.com/articles/11037166.html,【ホロライブ切り抜き】サイコパスシーンBEST10　投票で選ばれた結果、すいちゃんがランキングを独占してしまうｗｗｗｗｗｗｗｗｗｗ【PickupYoutube】,アルファルファモザイク
2026-05-05,https://alfalfalfa.com/articles/11037175.html,【（・(ｪ)・）】また300kg級…メタボグマGWに現る,アルファルファモザイク
2026-05-05,https://alfalfalfa.com/articles/11037161.html,【悲報】収益停止されたyoutuber「3日間、放心状態で絶望的な気持ちになりました」,アルファルファモザイク
2026-05-05,https://alfalfalfa.com/articles/11037142.html,【動画】仮設男子トイレがドア無しで女子から丸見え→人権侵害だと炎上ｗｗｗｗｗｗｗｗｗｗ,アルファルファモザイク
2026-05-05,https://alfalfalfa.com/articles/11037077.html,【素朴な疑問】日本の憲法を守りたいと集まっているのに、誰も日の丸を持っていないのはなんでなん？ｗｗｗ【HotTweets】,アルファルファモザイク
2026-05-05,https://hamusoku.com/archives/10991686.html,"生活保護で月23万5,000円を受給するシングルマザーさん　気付く「働くと生活が回らない」「働いてる友人は手取り17万円で自分以下の生活」",ハムスター速報
2026-05-05,https://hamusoku.com/archives/10991677.html,たい焼き屋さんの初任給が凄すぎる件,ハムスター速報
2026-05-05,https://hamusoku.com/archives/10990488.html,仕事ふつうに面白くない？,ハムスター速報
2026-05-05,https://hamusoku.com/archives/10991577.html,ハムスターはニンジンをどれだけ頬袋に入れられるのか？,ハムスター速報
2026-05-05,https://hamusoku.com/archives/10991579.html,２０２０年に総資産５０万円だった人が配達員の報酬と投資を軸に資産形成をした結果　６年後の資産がこちら,ハムスター速報
2026-05-05,https://hamusoku.com/archives/10991578.html,LUUP　外国人でもバカが使う乗り物だった,ハムスター速報
2026-05-05,https://hamusoku.com/archives/10991572.html,外国人によるエアコン室外機窃盗が深刻化　埼玉県議会議員・諸井真英氏「室外機・給湯器盗難で捕まえた犯人は今の所100%外国人」,ハムスター速報
2026-05-05,https://hamusoku.com/archives/10991163.html,BeReal　もうただの害悪ツール,ハムスター速報
2026-05-05,https://hamusoku.com/archives/10991571.html,アイドルグループiLiFE　男性オタクの放尿を女性オタクが鑑賞する謎の儀式　始まる,ハムスター速報
2026-05-05,https://hamusoku.com/archives/10989329.html,いまスーパーでヤバいジジイおったんやけど,ハムスター速報
2026-05-04,https://alfalfalfa.com/articles/11036795.html,【ホロライブ切り抜き】夏色まつり、海でとんでもない発言をしてしまうｗｗｗｗｗｗ【PickupYoutube】,アルファルファモザイク
2026-05-04,https://alfalfalfa.com/articles/11036840.html,ドーナツ食べ放題2000円ｗｗｗｗｗｗｗｗｗｗｗ,アルファルファモザイク
2026-05-04,https://alfalfalfa.com/articles/11036766.html,【悲報】子どもの人数、45年連続減で過去最少　前年から35万人減の1329万人,アルファルファモザイク
2026-05-04,https://alfalfalfa.com/articles/11036583.html,【大荒れ】憲法改正に反対する『憲法大集会』、5万人が集結し「退陣退陣高市政権」と大合唱…【HotTweets】,アルファルファモザイク
2026-05-04,https://alfalfalfa.com/articles/11036793.html,【悲報】ＧＷ新幹線の指定席、席を取れなかったおっさんたちに占領される,アルファルファモザイク
2026-05-04,https://alfalfalfa.com/articles/11036568.html,【画像】平成女子の夏ファッション、結構いいぞと話題にｗｗｗｗ【Pickup】,アルファルファモザイク
2026-05-04,https://alfalfalfa.com/articles/11036776.html,【悲報】へずまりゅう氏、タクシー乗車拒否を報告　運転手に「俺あんた嫌いなんよ」と言われ…　「恥ずかしいけど自然に涙が出ました」,アルファルファモザイク
2026-05-04,https://alfalfalfa.com/articles/11036770.html,【悲報】フジの月9『サバ缶、宇宙へ行く』爆死してるのに話題にすらならない,アルファルファモザイク
2026-05-04,https://hamusoku.com/archives/10991450.html,【祝】声優・明坂聡美さん　結婚,ハムスター速報
2026-05-04,https://hamusoku.com/archives/10987485.html,姉が男友達から貰ってきた誕プレに延々文句ばかり言ってる,ハムスター速報
2026-05-04,https://hamusoku.com/archives/10990478.html,FIREして好きなことしたい！！！←これさぁ,ハムスター速報
2026-05-04,https://hamusoku.com/archives/10991304.html,新ジャンル　泥ポメ,ハムスター速報
2026-05-04,https://hamusoku.com/archives/10991310.html,妻の不倫で托卵状態だった男性「あなたなら、裏切りから生まれた子供を「愛」という理由で育て続けますか？」海外からの悲痛な質問がXで届く,ハムスター速報
2026-05-04,https://hamusoku.com/archives/10991303.html,令和の虎・林尚弘やサナエトークン・溝口勇児のキャバクラ動画　痛すぎると話題に,ハムスター速報
2026-05-04,https://hamusoku.com/archives/10988703.html,魚類の分類に激震が入りまくっとる,ハムスター速報
2026-05-04,https://hamusoku.com/archives/10991300.html,夜の渋谷センター街にガチのバケモンが出現していると話題に,ハムスター速報
2026-05-04,https://hamusoku.com/archives/10991297.html,高市政権による外国人政策102件の施策　厳格化の進捗が公表される　外免切替50ポイント急落　経営・管理ビザ申請96％減,ハムスター速報
2026-05-04,https://hamusoku.com/archives/10991178.html,【神企業】ジョーシン　ポケモンカードやワンピースカードの転売で暮らすベトナム人と中国人達に大打撃を与える,ハムスター速報
2026-05-03,https://alfalfalfa.com/articles/11036429.html,【手描きホロライブ】大先輩を誘うも致命的なミスをするらでんｗｗｗｗｗｗｗｗｗｗ【PickupYoutube】,アルファルファモザイク
2026-05-03,https://alfalfalfa.com/articles/11036492.html,【画像】セブンイレブンさん、とうとう50%増量に手をつけてしまう,アルファルファモザイク
2026-05-03,https://alfalfalfa.com/articles/11036480.html,【悲報】吉岡里帆ちゃん、オッサンとの路上キス動画が出回るwwwwwwwwwwwwww,アルファルファモザイク
2026-05-03,https://alfalfalfa.com/articles/11036471.html,例のハンマー男、ヒーロー扱いされてしまうWWWWWWWWWW,アルファルファモザイク
2026-05-03,https://alfalfalfa.com/articles/11036456.html,【画像】 サンジャポ出演の美女、AKB48伊藤百花(22歳)にネット騒然,アルファルファモザイク
2026-05-03,https://alfalfalfa.com/articles/11036205.html,【画像】カジサックの娘さん順調に育つwwwwwwwwwww【Pickup】,アルファルファモザイク
2026-05-03,https://alfalfalfa.com/articles/11036445.html,【悲報】白人ナショナリスト「このままいくと、白人は遺伝的にも文化的にも消滅しかねない」,アルファルファモザイク
2026-05-03,https://hamusoku.com/archives/10987729.html,女だけどぶっちゃけ言ってデートで男に奢られたくない,ハムスター速報
2026-05-03,https://hamusoku.com/archives/10991165.html,ハムスター食事ライブ　センステ最前アプグレ席,ハムスター速報
2026-05-03,https://hamusoku.com/archives/10988532.html,コンビニで爆買いしてるやつの正体,ハムスター速報
2026-05-03,https://hamusoku.com/archives/10991065.html,【フードデリバリーサービス】ロケットナウでラーメンを頼んだ結果,ハムスター速報
2026-05-03,https://hamusoku.com/archives/10991064.html,社会評論家・小山晃弘先生「NPO本当にキモイですよ、あいつらまじで」「NPOとかに行きたがる人間は人間の○○です」,ハムスター速報
2026-05-03,https://hamusoku.com/archives/10988155.html,企業「未経験者いらない！経験者のみ！未経験者は育てない！！！」,ハムスター速報
2026-05-03,https://hamusoku.com/archives/10991062.html,アラサー婚活女子さん　専業主婦に強い憧れ「自分の母親を見てると本当に自由に生きていて、お父さんからの収入でお母さんが自由に過ごしてる」,ハムスター速報
2026-05-03,https://hamusoku.com/archives/10990806.html,BeRealというガチで謎すぎるアプリ,ハムスター速報
2026-05-03,https://hamusoku.com/archives/10990809.html,【アメリカ】データセンターで働く電気工事士の年収　４０００万円超,ハムスター速報
2026-05-02,https://alfalfalfa.com/articles/11036140.html,モンスター井上尚弥、中谷潤人とのビッグマッチを判定勝ちｗｗｗｗｗｗｗｗｗｗｗ,アルファルファモザイク
2026-05-02,https://alfalfalfa.com/articles/11036133.html,【悲報】ロシア 「月給31万円で高給警備員を募集します」 ペルー人600人が応募、ウクライナ前線に送られる,アルファルファモザイク
2026-05-02,https://alfalfalfa.com/articles/11035850.html,【始動】中道改革連合、5月15日からクラウドファンディング開始へ…「皆さまと一緒に中道をつくる」と宣言ｗｗｗｗｗｗｗｗ【HotTweets】,アルファルファモザイク
2026-05-02,https://alfalfalfa.com/articles/11036115.html,【悲報】AKBアイドルさん、男性アイドルに超ド級のセクハラをかましてしまう,アルファルファモザイク
2026-05-02,https://alfalfalfa.com/articles/11036105.html,井上尚弥VS中谷潤人、ネット配信7150円ｗｗｗｗｗｗｗｗ,アルファルファモザイク
2026-05-02,https://hamusoku.com/archives/10990371.html,サンフランシスコのゾンビ通り　ヤバイ,ハムスター速報
2026-05-02,https://hamusoku.com/archives/10990767.html,【祝】新聞　ガチでオワコン,ハムスター速報
2026-05-02,https://hamusoku.com/archives/10990763.html,令和版”叱らない育児”の現実,ハムスター速報
2026-05-02,https://hamusoku.com/archives/10990761.html,ブックオフ営業中にブラジル人とペルー人が強盗　棒で暴れまわり541万円ゲット,ハムスター速報
2026-05-02,https://hamusoku.com/archives/10990757.html,キャバクラ嬢の給与明細　ブラックすぎると話題に,ハムスター速報
2026-05-02,https://hamusoku.com/archives/10990755.html,【西日本シティ銀行】BeRealで顧客情報を晒上げたBeReal女子さん　フォロワーに謝罪へ,ハムスター速報
2026-05-02,https://hamusoku.com/archives/10990754.html,【独身税】日本政府「共働き支援」名目でベビーシッター税制優遇→X民「意味不明」「外国人シッターに預ける気か」「扶養控除復活しろ」大炎上,ハムスター速報
2026-05-02,https://hamusoku.com/archives/10990752.html,日本でクレーンゲーム限定搾取商法となっている『ちびぐるみ』　海外では普通に店頭販売されている現実,ハムスター速報
2026-05-01,https://alfalfalfa.com/articles/11035753.html,【悲報】レアハンバーグ、また食中毒を出す,アルファルファモザイク
2026-05-01,https://alfalfalfa.com/articles/11035743.html,【画像】ニュース動画のサムネ、限界突破ｗｗｗｗｗ,アルファルファモザイク
2026-05-01,https://alfalfalfa.com/articles/11035728.html,【悲報】沖縄タイムス読者の声「天国から知華さんの声が聞こえてくる、誹謗中傷にめげず抗議活動を続けて、と」 辺野古事件について,アルファルファモザイク
2026-05-01,https://alfalfalfa.com/articles/11035460.html,【悲報】女の生きづらさは、「若い女」の価値が高すぎるせいで、それが実質「通貨」になっていることからも生じてるんだよな。つまり、『若い女Pay』である。【HotTweets】,アルファルファモザイク
2026-05-01,https://hamusoku.com/archives/10990374.html,アンガーマネジメント「６秒我慢しましょう」←６秒で消える怒りなどあるか？,ハムスター速報
2026-05-01,https://hamusoku.com/archives/10990414.html,ディズニーランド　中高年層がメインの遊園地になっていた,ハムスター速報
2026-05-01,https://hamusoku.com/archives/10990386.html,現役アイドル「ファンと推しは所詮お金でしか繋がっていません！」「推し活にハマっても、人生幸せにならない」現実を叩きつける,ハムスター速報
2026-05-01,https://hamusoku.com/archives/10990412.html,エイベックス「鈴木亜美と後藤真希のコラボイベント！」エイベックス公式がアップした写真が鈴木亜美への悪意しかないだろと話題に,ハムスター速報
2026-05-01,https://hamusoku.com/archives/10990424.html,アラサー婚活の現実「希望年収500万円以上は図々しい」,ハムスター速報
2026-05-01,https://hamusoku.com/archives/10990423.html,【東京都】小池百合子さん　税金で高齢者の為にスマホ代３万円支給,ハムスター速報
2026-05-01,https://hamusoku.com/archives/10990411.html,【乞食】中道改革連合「落選者を支援する為のクラウドファンディングがいよいよ始まります！」落選した中道・藤原のりまさ「政治資金パーティー批判しといて何やってんの？働けよ」,ハムスター速報
2026-05-01,https://hamusoku.com/archives/10990394.html,財務省「小学生の足し算引き算やbe動詞の復習やってるFラン私立大学いらなくね？」,ハムスター速報
2026-05-01,https://hamusoku.com/archives/10990387.html,【テニス】錦織圭選手が引退へ　名場面VTR動画まとめあり,ハムスター速報
2026-04-30,https://alfalfalfa.com/articles/11035228.html,【ホロ伝説】占いが当たりすぎて『黒幕』だと疑われるミオしゃwwwwwwwwwww【PickupYoutube】,アルファルファモザイク
2026-04-30,https://alfalfalfa.com/articles/11035371.html,【動画】今見るとヤバすぎる20年前のテレビ「家系ラーメン初の女性店主の修行」,アルファルファモザイク
2026-04-30,https://alfalfalfa.com/articles/11035367.html,ちょっと前まで「愛国者」に大人気だったフィフィさん、ここ最近叩かれまくる「フィフィの帰化を取り消すべき！エジプトに帰れ！」,アルファルファモザイク
2026-04-30,https://alfalfalfa.com/articles/11035361.html,【速報】旭川、旭山動物園の焼却炉で遺体の一部発見,アルファルファモザイク
2026-04-30,https://alfalfalfa.com/articles/11035068.html,【放送事故】ボートレース中継に“セクシー音声”っぽい声が入った疑惑でネット騒然ｗｗｗ【HotTweets】,アルファルファモザイク
2026-04-30,https://hamusoku.com/archives/10989714.html,スピッツの最高傑作といえば？,ハムスター速報
2026-04-30,https://hamusoku.com/archives/10989983.html,LUUP乗り　知能レベルがヤバイ,ハムスター速報
2026-04-30,https://hamusoku.com/archives/10989961.html,ハムスターさん　電池切れ可愛いｗｗｗｗｗｗｗｗｗ,ハムスター速報
2026-04-30,https://hamusoku.com/archives/10989989.html,女子大生「大学の英語の授業みんなで曜日読むとこから始まった」,ハムスター速報
2026-04-30,https://hamusoku.com/archives/10989984.html,クレジットカード終わる…持ってるだけでリスクがある状態,ハムスター速報
2026-04-30,https://hamusoku.com/archives/10989973.html,【ヒカキンライフハック】鬼茶　無料で飲める事が判明,ハムスター速報
2026-04-30,https://hamusoku.com/archives/10989962.html,チーズバーガーラーメン界隈　地獄,ハムスター速報
2026-04-30,https://hamusoku.com/archives/10989950.html,モモイロインコさん　ワイ達より頭が良いと話題に,ハムスター速報
2026-04-29,https://alfalfalfa.com/articles/11034980.html,ほとんどの国民「消費税減税してよお！」ほとんどの政党「消費税減税やるよお！」,アルファルファモザイク
2026-04-29,https://alfalfalfa.com/articles/11034926.html,【ホロライブ切り抜き】ポンコツ過ぎて解雇されそうになるみこちｗｗｗｗｗｗｗｗｗｗ【PickupYoutube】,アルファルファモザイク
2026-04-29,https://alfalfalfa.com/articles/11034970.html,参政党、高市政権と対決姿勢…靖国集団参拝、保守層切り崩し,アルファルファモザイク
2026-04-29,https://alfalfalfa.com/articles/11034966.html,【悲報】地下アイドル、客に「ワキのニオイ」を嗅がせてしまうｗｗｗｗｗｗ,アルファルファモザイク
2026-04-29,https://alfalfalfa.com/articles/11034662.html,【は？】“日本は6月で終了説”で危機を煽る自称ナフサ専門家さん、「ENEOS社員全員が支持」と言い出してしまうｗｗｗ【HotTweets】,アルファルファモザイク
2026-04-29,https://hamusoku.com/archives/10989736.html,ルフィ「これが！ワンピース！(宝箱ガチャ),ハムスター速報
2026-04-29,https://hamusoku.com/archives/10989738.html,弊社、ガチで倒産しそう,ハムスター速報
2026-04-29,https://hamusoku.com/archives/10989734.html,スターバックスのコーヒー　カブトムシの味がすると話題にｗｗｗｗｗｗｗｗｗ,ハムスター速報
2026-04-29,https://hamusoku.com/archives/10989695.html,"月利益50万円のせどりママ「ホームセンターの資材転売で稼げるぞ！このやり方パクれば15分で15,000円は余裕です！！！」全国の転売ヤーがホームセンターに殺到中",ハムスター速報
2026-04-29,https://hamusoku.com/archives/10985984.html,うなぎ屋「創業から継ぎ足したタレ」ワイ「汚えだろ！！」,ハムスター速報
2026-04-29,https://hamusoku.com/archives/10989336.html,物理学ガチ勢ワイがノーベル物理学賞について予言しとくわ,ハムスター速報
2026-04-29,https://hamusoku.com/archives/10989664.html,【鬼茶】ヒカキン「日本の未来を変えるなんて言ってない」,ハムスター速報
2026-04-29,https://hamusoku.com/archives/10985143.html,弊社５０代社員　未だにZIPファイルが分からない人間がいる模様,ハムスター速報
2026-04-28,https://alfalfalfa.com/articles/11034615.html,【文春砲】嵐メンバー　禁じられた愛,アルファルファモザイク
2026-04-28,https://alfalfalfa.com/articles/11034563.html,【ファン投票で選ぶ】天国か地獄か伝説か…エイプリルフール企画歴代BEST10【PickupYoutube】,アルファルファモザイク
2026-04-28,https://alfalfalfa.com/articles/11034603.html,村上宗隆、ホームラン数メジャー全体1位ｗｗｗｗｗｗｗｗｗｗ,アルファルファモザイク
2026-04-28,https://alfalfalfa.com/articles/11034596.html,旭川市長「旭川市と旭山動物園のイメージ低下や風評被害は非常に大きい」,アルファルファモザイク
2026-04-28,https://alfalfalfa.com/articles/11034308.html,【悲報】社民党「お金がないんです」→福島みずほ党首、都内億ション2部屋所有の超資産家だと判明してしまうｗｗｗ【HotTweets】,アルファルファモザイク
2026-04-28,https://alfalfalfa.com/articles/11034591.html,サウジ産の原油を積載した「出光丸」がホルムズ海峡を東に航行中ｗｗｗｗｗｗｗｗｗ,アルファルファモザイク
2026-04-28,https://hamusoku.com/archives/10989354.html,【TBS悲報】”自称”ナフサ専門家の境野春彦さん　素人レベルの知識で『６月に日本は詰む』とドヤ顔していた事が判明,ハムスター速報
2026-04-28,https://hamusoku.com/archives/10989355.html,味の素の女性差別の実態をXで告発していた女性フェミニスト戦士　アカウントを削除してしまう…いったいなぜなのか？,ハムスター速報
2026-04-28,https://hamusoku.com/archives/10989363.html,文系　終わる,ハムスター速報
2026-04-28,https://hamusoku.com/archives/10989353.html,【高齢者に殺される現役世代】高齢者医療費への拠出金　現役負担10年で25%増加,ハムスター速報
2026-04-28,https://hamusoku.com/archives/10989338.html,ゴールデンウィーク　８割以上が旅行の予定無し「どこに行っても人が多いし、お金かかるし…」お前らの予定は？,ハムスター速報
2026-04-28,https://hamusoku.com/archives/10989322.html,現役世代　気付く「真面目に働いて老後資金を貯めるよりも、若いうちに使い切って生活保護の方が賢かったりする？」,ハムスター速報
2026-04-28,https://hamusoku.com/archives/10989325.html,【TBS御用達】日本は６月で終了説で危機を煽っている”自称”ナフサ専門家の境野春彦さん「私の意見はENEOSの社員全員が支持している」ENEOSに放火開始,ハムスター速報
2026-04-28,https://hamusoku.com/archives/10989319.html,【ポケカ】カードショップ　シャッター破壊されて強盗される時代に,ハムスター速報
2026-04-28,https://hamusoku.com/archives/10989316.html,「高市政権は明らかに外国人を減らしたいようだね」在日韓国人大学教員がビザ更新料7万円値上げに不満を表明,ハムスター速報
2026-04-28,https://hamusoku.com/archives/10989067.html,妻に不倫された結果・・・,ハムスター速報
2026-04-27,https://alfalfalfa.com/articles/11034234.html,日本「女子枠」国連機関報告書が苦言。懸念広まる,アルファルファモザイク
2026-04-27,https://alfalfalfa.com/articles/11034225.html,【悲報】たぬかなさん、結構ヤバい状態になってしまう,アルファルファモザイク
2026-04-27,https://alfalfalfa.com/articles/11034223.html,【画像】Ado、テレビでも遂に顔出しwwwwwwww,アルファルファモザイク
2026-04-27,https://alfalfalfa.com/articles/11034019.html,【善意崩壊】日本の無人販売所、“無料食糧配布所”みたいに海外で拡散されてしまう…【HotTweets】,アルファルファモザイク
2026-04-27,https://alfalfalfa.com/articles/11034207.html,東野幸治さん「武器輸出、賛成。中国と北朝鮮が嫌がるってことはいい政策」,アルファルファモザイク
2026-04-27,https://alfalfalfa.com/articles/11034191.html,【緊急】高市早苗さん、Instagramのストーリーに真っ黒な画像を投稿,アルファルファモザイク
2026-04-27,https://alfalfalfa.com/articles/11034189.html,【🐱】XやYouTubeを見すぎるとデブ猫が画面占領、個人開発の強制休憩ツールが話題,アルファルファモザイク
2026-04-27,https://hamusoku.com/archives/10989059.html,小野田紀美大臣　日本のアニメやマンガ等のコンテンツ産業について正論,ハムスター速報
2026-04-27,https://hamusoku.com/archives/10989057.html,【国連】UNESCO「日本の女子枠とかいう男性差別ヤバすぎて草」フェミニスト「・・・」,ハムスター速報
2026-04-27,https://hamusoku.com/archives/10983771.html,高卒大手メーカー工場勤務のワイの給料ｗｗｗｗｗｗ,ハムスター速報
2026-04-27,https://hamusoku.com/archives/10988981.html,金が無いと騒いでいた社民党・福島瑞穂さん　都内一等地に高級マンション所有＋世帯の総資産２億円超の大富豪である事が判明,ハムスター速報
2026-04-27,https://hamusoku.com/archives/10988961.html,キャバクラ嬢育成スクール特別講師・愛沢えみりさん「自分の子供にキャバクラやらせたいと思っていない。」金取って他人の子供にやらせるのはどうなんだと炎上,ハムスター速報
2026-04-27,https://hamusoku.com/archives/10988942.html,中道改革連合の最新支持率　共産党以下になるｗｗｗｗｗｗｗｗｗｗｗ,ハムスター速報
2026-04-27,https://hamusoku.com/archives/10983770.html,夜職嬢「イッチくんのお話面白い〜！！」,ハムスター速報
2026-04-27,https://hamusoku.com/archives/10983010.html,AIに仕事奪われる←本当なのか？,ハムスター速報
2026-04-27,https://hamusoku.com/archives/10988724.html,植草美幸さん「30過ぎて恋愛を語ってる人間は漏れなく地雷。脳内お花畑」34歳婚活女性に正論パンチしてしまう,ハムスター速報
2026-04-26,https://alfalfalfa.com/articles/11033954.html,【正論】トランプ大統領「対立は銃ではなく平和的な方法で解決すべき」,アルファルファモザイク
2026-04-26,https://alfalfalfa.com/articles/11033917.html,【ホロライブ切り抜き】ヴィヴィが自分の恥ずかしい話をしてぺこらを励ましているのを見て主語が大きくなる船長【PickupYoutube】,アルファルファモザイク
2026-04-26,https://alfalfalfa.com/articles/11033951.html,【悲報】独身税、仕方ないという風潮高まるｗｗｗｗ,アルファルファモザイク
2026-04-26,https://alfalfalfa.com/articles/11033942.html,【人類速報】マラソン、初の2時間切り,アルファルファモザイク
2026-04-26,https://alfalfalfa.com/articles/11033706.html,【は？】小1女児「お茶買って」「ママ呼んで」→教諭ら聞き入れず熱中症で搬送、それでも学校側の過失なし判決→こういうことだった【HotTweets】,アルファルファモザイク
2026-04-26,https://hamusoku.com/archives/10988823.html,ポメラニアンさんを撫でているだけの動画　かわいい,ハムスター速報
2026-04-26,https://hamusoku.com/archives/10988722.html,若者の献血離れ「若者からタダで血を奪い、老人に投与するときは若者から金を奪う、若者がお金を払いながら老人に自分の血を入れさせていただく謎のシステムこと、献血」,ハムスター速報
2026-04-26,https://hamusoku.com/archives/10988148.html,ワイ、マクドナルドでとうとうフィレオフィッシュを頼むようになる,ハムスター速報
2026-04-26,https://hamusoku.com/archives/10988720.html,【高度人材】ポケカ転売が本業のベトナム人　遂に出禁になる　カードショップ「度重なる規約違反により、ベトナム国籍の方への販売は行いません」,ハムスター速報
2026-04-26,https://hamusoku.com/archives/10986553.html,服１つに２万とかかけてる奴ｗｗｗｗｗｗｗｗｗｗｗ,ハムスター速報
2026-04-26,https://hamusoku.com/archives/10988694.html,日本の服の買取業者が買い取ったボロボロの服　海外でバカ売れしていた,ハムスター速報
2026-04-26,https://hamusoku.com/archives/10988690.html,日本の無人販売所　『移民にとっての無料食糧配布所』として世界中に拡散される,ハムスター速報
2026-04-26,https://hamusoku.com/archives/10988689.html,ニコニコ超会議　ひろゆき襲撃される,ハムスター速報
2026-04-26,https://hamusoku.com/archives/10988688.html,マンジャロガチ勢「マンジャロをディスれる人、ある意味羨ましい。泣きながら茹でる前のパスタを胃に詰め込んだりしたことないんだろうな。」←意味がようやく判明する,ハムスター速報
2026-04-26,https://hamusoku.com/archives/10983587.html,ワイのオリキャラをリメイクして,ハムスター速報
2026-04-26,https://hamusoku.com/archives/10983001.html,オタクワイ(最近アニメは見ない、ゲーム積みまくり、グッズも集めてない),ハムスター速報
2026-04-25,https://alfalfalfa.com/articles/11033606.html,【ホロライブ切り抜き】大神ミオが救いに来ると信じていたスバルｗｗｗｗｗｗ【PickupYoutube】,アルファルファモザイク
2026-04-25,https://alfalfalfa.com/articles/11033631.html,【たしカニ】薄すぎる肉騒動に長嶋一茂「重ねりゃいいじゃん、食べ放題なんだから」「たまに薄くなったぐらいでギャアギャア言うな」,アルファルファモザイク
2026-04-25,https://alfalfalfa.com/articles/11033628.html,【悲報】中国で大炎上「映画『プラダを着た悪魔2』はアジア人女性を差別している！」　ボイコットへ…,アルファルファモザイク
2026-04-25,https://alfalfalfa.com/articles/11033626.html,家計の普通預金の伸び、過去最低に…定期預金や投資にお金が流れる,アルファルファモザイク
2026-04-25,https://alfalfalfa.com/articles/11033622.html,【悲報】医療用手袋、欠品や出荷遅延が発生,アルファルファモザイク
2026-04-25,https://alfalfalfa.com/articles/11033344.html,【画像】王林ちゃん、へそピｗｗｗｗｗｗｗｗｗｗ【Pickup】,アルファルファモザイク
2026-04-25,https://hamusoku.com/archives/10982996.html,「ショートケーキ」←なにが短いんや？🍰,ハムスター速報
2026-04-25,https://hamusoku.com/archives/10988525.html,有名キャバ嬢・ゆいぴすさん「クローゼットに眠るの勿体無いからあげる」自分が着た服を定価の数倍で売るビジネスに目覚める←バカ売れしてしまう,ハムスター速報
2026-04-25,https://hamusoku.com/archives/10988519.html,LUUPさん　大量の高齢者達を公道で爆走させるテロを計画,ハムスター速報
2026-04-25,https://hamusoku.com/archives/10988459.html,アメリカでブルーカラービリオネアが続々と誕生　若者はブルーカラーに殺到,ハムスター速報
2026-04-25,https://hamusoku.com/archives/10988454.html,格安を宣伝しているロードサイド葬儀会社とクソ坊主　ぼったくりしかいない,ハムスター速報
2026-04-25,https://hamusoku.com/archives/10988453.html,【大分3区】自民党・岩屋毅「国旗損壊罪の導入に反対！日本国旗を傷つける行為は表現の自由！」,ハムスター速報
2026-04-25,https://hamusoku.com/archives/10986348.html,給料低すぎてやる気出ない,ハムスター速報
2026-04-25,https://hamusoku.com/archives/10986269.html,ワイ住宅ローン民　震える,ハムスター速報
2026-04-25,https://hamusoku.com/archives/10986067.html,トッモA「ボーナス手取り２０万も無いわｗ」トッモB「あるだけありがたいと思えｗワイなんて無いぞｗ」←これ,ハムスター速報
2026-04-24,https://alfalfalfa.com/articles/11033281.html,【悲報】トランプのSNS投稿、限界を超える🤪,アルファルファモザイク
2026-04-24,https://alfalfalfa.com/articles/11033020.html,【画像】元暴走族のヤンキー女子高生が可愛すぎると話題にｗｗｗｗｗｗｗｗｗ【Pickup】,アルファルファモザイク
2026-04-24,https://alfalfalfa.com/articles/11033270.html,航空自衛隊、改名ｗｗｗｗｗｗｗｗ,アルファルファモザイク
2026-04-24,https://hamusoku.com/archives/10988049.html,イギリス　世代限定でタバコ禁止へ,ハムスター速報
2026-04-24,https://hamusoku.com/archives/10988043.html,【北海道】標津サーモン科学館　チョウザメに腕ごと食われるシャンクス飼育員が出現してしまう,ハムスター速報
2026-04-24,https://hamusoku.com/archives/10988056.html,X女性　味の素が女性差別企業である事を告発「味の素の説明会予約しようとしたら満席　マイページの性別を男に変えたら空席沢山出てきた」フェミニスト達により味の素が大炎上,ハムスター速報
2026-04-24,https://hamusoku.com/archives/10988040.html,【リアル北斗の拳】埼玉　窓ガラスを割られて侵入される事件が毎日発生中　埼玉県警「県民はちゃんと窓の防犯やれよ！！！！」,ハムスター速報
2026-04-24,https://hamusoku.com/archives/10988026.html,【ナマポライフハック】がんなどで高額な治療費が必要になったら離婚して生活保護を受給すれば無料で治療できる現実　現役医師がポスト,ハムスター速報
2026-04-24,https://hamusoku.com/archives/10988029.html,【セブンイレブン】流行している中国製「3Dフルーツアイス」　当たり前のようにヤバイもんが混入して販売停止に,ハムスター速報
2026-04-24,https://hamusoku.com/archives/10988015.html,【ホリエモンプロデュース】WAGYUMAFIAさん　食用菊をばらまくパフォーマンスが品性下劣だと炎上中　リュウジ「パフォーマンスだけで中身がなく料理のクオリティが低い上に値段が高い」,ハムスター速報
2026-04-24,https://hamusoku.com/archives/10988007.html,【#ONICHA】俺達のヒカキン　鬼茶アンチに大勝利宣言,ハムスター速報
2026-04-24,https://hamusoku.com/archives/10987743.html,日本の潮干狩りという文化　中国人とベトナム人により消される,ハムスター速報
2026-04-23,https://alfalfalfa.com/articles/11032927.html,【画像】ChatGPT、うっかり真の実力を見せてしまう,アルファルファモザイク
2026-04-23,https://alfalfalfa.com/articles/11032923.html,旧宮家ガチで復活しそうな勢いでワロタ,アルファルファモザイク
2026-04-23,https://alfalfalfa.com/articles/11032919.html,村上春樹さん（77）の3年ぶりの新刊タイトル、「夏帆」ｗｗｗｗｗｗｗｗ,アルファルファモザイク
2026-04-23,https://alfalfalfa.com/articles/11032913.html,【悲報】辺野古の転覆事故、生徒「全員船から落とされた」と通報の内容判明　船長ら通報せず,アルファルファモザイク
2026-04-23,https://hamusoku.com/archives/10987497.html,【悲報】新入社員歓迎会の文化　廃れそう,ハムスター速報
2026-04-23,https://hamusoku.com/archives/10987724.html,【茨城】パキスタン人　日本人からランクルやアルファードを盗みUAEに輸出して大金持ちに　逮捕されても不起訴コースの外国人特典あり,ハムスター速報
2026-04-23,https://hamusoku.com/archives/10987730.html,ワイ　ハロワで何もせず帰る,ハムスター速報
2026-04-23,https://hamusoku.com/archives/10987742.html,【整形ビフォーアフター】美少女女子高生が１０００万円かけて整形した努力顔　公開される,ハムスター速報
2026-04-23,https://hamusoku.com/archives/10987734.html,【JTC】日本企業の新卒採用至上主義　終わり始める,ハムスター速報
2026-04-23,https://hamusoku.com/archives/10987694.html,日本のキャバ嬢文化　韓国でドン引きされる「日本では夜の仕事をしている人たちがテレビにも出てて、 ほんと韓国じゃ想像できないよ。」,ハムスター速報
2026-04-23,https://hamusoku.com/archives/10987683.html,【エレクトリカルゲーミングヒカリーヌ】ポメラニアンさん　光り輝いててかわいい,ハムスター速報
2026-04-23,https://hamusoku.com/archives/10987670.html,焼肉ライク「1980円で最大9時間！時間制限なしの一人焼肉食べ放題コースやるぞ！！！」←トラップしかけまくりな事がバレる,ハムスター速報
2026-04-23,https://hamusoku.com/archives/10987665.html,【移民政策】北海道、宮城県、三重県、大阪府、愛媛県、大分県などの２０道府県が海外政府と直接『移民受け入れ』の覚書を結ぶ動きが広がる,ハムスター速報
2026-04-23,https://hamusoku.com/archives/10987532.html,【ONICHA悲報】ヒカキンさん　鬼茶完売報告だけリポストする機械になってしまう←在庫山積みの現実から逃亡中,ハムスター速報
2026-04-22,https://alfalfalfa.com/articles/11032594.html,【悲報】太田「公約守れなかった場合は？」 高市「意地悪な質問やなぁ♥」←　結果ｗｗｗｗｗ,アルファルファモザイク
2026-04-22,https://alfalfalfa.com/articles/11032513.html,イギリス、タバコが販売禁止に,アルファルファモザイク
2026-04-22,https://alfalfalfa.com/articles/11032319.html,【動画】孫娘に貢ぎまくるジッジが見つかるｗｗｗｗｗｗｗｗｗｗｗｗｗｗ【Pickup】,アルファルファモザイク
2026-04-22,https://alfalfalfa.com/articles/11032578.html,日本政府、未成年のSNS利用を禁止する方針か,アルファルファモザイク
2026-04-22,https://alfalfalfa.com/articles/11032550.html,【動画】西洋人「日本のゲーム”プラグマタ”を西洋が作ったらｗｗｗｗｗｗｗ」,アルファルファモザイク
2026-04-22,https://alfalfalfa.com/articles/11032320.html,【画像】滝沢カレンちゃん、脇汗がすごいｗｗｗｗｗｗｗｗｗｗｗｗｗｗ【Pickup】,アルファルファモザイク
2026-04-22,https://alfalfalfa.com/articles/11032520.html,トランプ支持率、ついに30%台まで低下ｗｗｗｗｗｗｗｗｗｗ,アルファルファモザイク
2026-04-22,https://hamusoku.com/archives/10987528.html,TikTok等のショート動画で読解力を破壊された若い世代　マンガもまともに読めなくなる,ハムスター速報
2026-04-22,https://hamusoku.com/archives/10987480.html,VTuberが事務所内恋愛して解雇されてしまう,ハムスター速報
2026-04-22,https://hamusoku.com/archives/10987501.html,映画館ガチ勢「普通オムツして映画全部観るよね」,ハムスター速報
2026-04-22,https://hamusoku.com/archives/10987499.html,【高市やめろ戦争反対】ヨドバシカメラ・ソフマップ・文房具店で試し書きプロテストをやって荒らしまくったパヨクさん　あまりにもヤバいと大炎上中,ハムスター速報
2026-04-22,https://hamusoku.com/archives/10987445.html,コメの卸売業者「コメの価格が暴落して大赤字なんですけど！？」,ハムスター速報
2026-04-22,https://hamusoku.com/archives/10987432.html,北海道日本ハムファイターズ　謎の芸人達を球場で踊らせて炎上「あかん、ほんまに気持ち悪いかも」,ハムスター速報
2026-04-22,https://hamusoku.com/archives/10987420.html,春のパピーコーギー祭2026　かわいい,ハムスター速報
2026-04-22,https://hamusoku.com/archives/10982200.html,リボ払い・残クレ←これをカタギの企業が堂々とやってるという事実,ハムスター速報
2026-04-22,https://hamusoku.com/archives/10987395.html,LUUP乗り　ガチで頭がおかしい,ハムスター速報
2026-04-22,https://hamusoku.com/archives/10987219.html,【神奈川】強姦致傷・強盗強姦などで懲役19年の村上賢と梶幸男　仮出所直後に28歳女性宅を襲撃し強盗致傷←このクズ達を仮出所させた責任は誰が取るのか？,ハムスター速報
2026-04-21,https://alfalfalfa.com/articles/11032239.html,【速報】ヒカキンのONICHA、転売されまくるｗｗｗｗｗｗｗｗｗｗ,アルファルファモザイク
2026-04-21,https://alfalfalfa.com/articles/11032234.html,日本の武器輸出規制、緩和ｗｗｗｗｗ,アルファルファモザイク
2026-04-21,https://alfalfalfa.com/articles/11031917.html,【朗報画像】レゴランドにメガネお姉さん現るｗｗｗ【Pickup】,アルファルファモザイク
2026-04-21,https://alfalfalfa.com/articles/11032217.html,【朗報】文科省「同志社国際高校を立入調査します」　辺野古の件で意思疎通が困難と判断したため,アルファルファモザイク
2026-04-21,https://alfalfalfa.com/articles/11032200.html,【大悲報】Youtuberヒカル「タモリつまらない」,アルファルファモザイク
2026-04-21,https://alfalfalfa.com/articles/11032197.html,【動画】TEMUの商品を購入したアメリカ人ｗｗｗｗｗｗｗｗｗｗｗｗｗ,アルファルファモザイク
2026-04-21,https://alfalfalfa.com/articles/11031907.html,【画像】北海道の女子アナ、レベチｗｗｗｗｗｗｗｗｗｗｗｗｗｗｗｗｗｗｗｗｗｗｗｗｗｗｗｗｗｗ【Pickup】,アルファルファモザイク
2026-04-21,https://alfalfalfa.com/articles/11032170.html,【悲報】ダウンタウンプラスの今週の配信スケジュールが酷すぎると話題にwwwwwwwwwwwwwwwwww,アルファルファモザイク
2026-04-21,https://hamusoku.com/archives/10987223.html,【鬼茶ONICHA】セブンイレブン「ヒカキンが麦茶作ったらめちゃくちゃ売れるやろなぁ・・・販売制限しとくか！！！」←これ,ハムスター速報
2026-04-21,https://hamusoku.com/archives/10987164.html,新卒採用　AI活用により減少へ　就職氷河期の始まりか？,ハムスター速報
2026-04-21,https://hamusoku.com/archives/10987176.html,【ヒカキン】日本の麦茶を変えるはずのワクワク外国産麦茶「鬼茶ONICHA」大量に売れ残り　転売ヤー大爆死,ハムスター速報
2026-04-21,https://hamusoku.com/archives/10986826.html,迷惑系外国人の話題ばかりの日本に聖人系外国人が出現,ハムスター速報
2026-04-21,https://hamusoku.com/archives/10987142.html,ChatGPTに「一日だけ人間になれるとしたら何をする？」と聞いた結果,ハムスター速報
2026-04-21,https://hamusoku.com/archives/10987133.html,こども家庭庁　海外に住んでいる外国人児童にも児童手当をバラまいていた事が判明　こども家庭庁「不正受給の件数や総額は把握してません」,ハムスター速報
2026-04-21,https://hamusoku.com/archives/10987113.html,【悲報】しゃぶ葉が謎の技術力で透明化した肉が食べられなくなる可能性が浮上　運営会社のすかいらーくがお気持ち表明,ハムスター速報
2026-04-21,https://hamusoku.com/archives/10986897.html,キャバ嬢になる為の学校　始まる,ハムスター速報
2026-04-20,https://alfalfalfa.com/articles/11031856.html,【悲報】安達容疑者、学校から不登校の連絡が来る前に会社へ「子供が失踪」と連絡する痛恨のミス,アルファルファモザイク
2026-04-20,https://alfalfalfa.com/articles/11031849.html,【悲報】企業「退職代行使った奴は採用しねーから！！」,アルファルファモザイク
2026-04-20,https://alfalfalfa.com/articles/11031838.html,【朗報】小島瑠璃子さん（32）、YouTuberデビューして無双状態。人気健在だった,アルファルファモザイク
2026-04-20,https://alfalfalfa.com/articles/11031834.html,【悲報】内閣支持率は高いのに地方選で相次ぐ自民系候補の敗北…,アルファルファモザイク
2026-04-20,https://alfalfalfa.com/articles/11031644.html,【画像】こういう奢り甲斐のある女子ｗｗｗｗｗｗｗｗｗｗｗｗｗｗｗ【Pickup】,アルファルファモザイク
2026-04-20,https://alfalfalfa.com/articles/11031819.html,【悲報】Z世代の退職理由、ヤバすぎるｗｗｗｗｗ,アルファルファモザイク
2026-04-20,https://hamusoku.com/archives/10986888.html,【ハムスター速報】日本で最もアクセスされたオンラインサービスのウェブサイト　ハム速のランキングが上昇,ハムスター速報
2026-04-20,https://hamusoku.com/archives/10986816.html,自分のこと絶対インキャと思ってないくせに自称インキャとアピールして自撮りポストする現象,ハムスター速報
2026-04-20,https://hamusoku.com/archives/10986836.html,田舎「外国人労働者１人１人に賃金にプラスして税金２００万円投入！育成するぞ！！！」→「実習期間が終わると都会に出て行っちゃうんですけど！？！？」,ハムスター速報
2026-04-20,https://hamusoku.com/archives/10986821.html,【辺野古女子高生死亡事故】反基地パヨク団体が献花に使用したバケツ←野良犬用の水飲みバケツ疑惑が出てきて炎上中,ハムスター速報
2026-04-20,https://hamusoku.com/archives/10986785.html,２０代のナマポ受給が大ブームに　どんどん増え続ける生活保護受給者,ハムスター速報
2026-04-20,https://hamusoku.com/archives/10986778.html,介護職７年目　給料明細が公開される「もっと真面目に勉強して、介護職に就職しなければよかった。」,ハムスター速報
2026-04-20,https://hamusoku.com/archives/10986767.html,【知ってた】中東情勢を理由に便乗値上げで儲けまくっていた石油販売５社が刑事告発される　社名も公表,ハムスター速報
2026-04-20,https://hamusoku.com/archives/10986756.html,【祝】LUUP乗り　警察に捕まる,ハムスター速報
2026-04-20,https://hamusoku.com/archives/10981863.html,【悲報】ワイの同僚、25歳なのに透析しないといけない身体になる,ハムスター速報
2026-04-19,https://alfalfalfa.com/articles/11031569.html,【悲報】左翼「辺野古転覆遺族が偏った平和学習とか言ってる！こいつは体制側だ！醜悪な政治利用」,アルファルファモザイク
2026-04-19,https://alfalfalfa.com/articles/11031563.html,【朗報】「森永ラムネ」が売上過去最高　2018年比約5倍,アルファルファモザイク
2026-04-19,https://alfalfalfa.com/articles/11031554.html,【画像】昭和の公園遊具、危険すぎるWWWWWWWWWWWWWWWW,アルファルファモザイク
2026-04-19,https://alfalfalfa.com/articles/11031258.html,【速報】テレ朝 グッド!モーニングでとんでもない美人店員さんが発見されるwwwwwwwwwwwwwwww【Pickup】,アルファルファモザイク
2026-04-19,https://alfalfalfa.com/articles/11031528.html,【悲報】カフェに6人で来店も「注文は3人だけ」…1人1品注文は常識じゃないんですか？,アルファルファモザイク
2026-04-19,https://alfalfalfa.com/articles/11031524.html,【悲報】パヨクさん、家電量販店で反高市運動をしてしまうｗｗｗｗｗｗｗｗｗ,アルファルファモザイク
2026-04-19,https://alfalfalfa.com/articles/11031511.html,母親「これが新しいお父さんよ」彼氏「ウーッス」👈これ普通に悲惨すぎるだろ,アルファルファモザイク
2026-04-19,https://alfalfalfa.com/articles/11031508.html,日本政府「便器数を『女＞男』にすべき。平均使用時間が女性は男性の3倍。同数だと女性トイレは混む」,アルファルファモザイク
2026-04-19,https://alfalfalfa.com/articles/11031257.html,【画像】浜辺美波さん、うっかり目立ちすぎる服を着てしまうｗｗｗ【Pickup】,アルファルファモザイク
2026-04-19,https://hamusoku.com/archives/10986657.html,【転売ヤー悲報】ヒカキンのONICHA鬼茶先行配布イベントでONICHAをゲットしてメルカリ転売した転売ヤー達　大爆死,ハムスター速報
2026-04-19,https://hamusoku.com/archives/10986561.html,ハムスターの足音でしか得られない栄養,ハムスター速報
2026-04-19,https://hamusoku.com/archives/10986564.html,世界「日本のアニメはどれだけの人を救っているのか、日本人は知らない」,ハムスター速報
2026-04-19,https://hamusoku.com/archives/10986535.html,ホンダさん　中国製EVを日本で販売開始してドン引きされる　価格５５０万円,ハムスター速報
2026-04-19,https://hamusoku.com/archives/10986560.html,【１１９】家族「あかん！おしっこ漏らしたやんけ！救急車呼ぶぞおおおおおおおおおおおお！！！！」,ハムスター速報
2026-04-19,https://hamusoku.com/archives/10986528.html,秋葉原トレカショップが高額カードを後払いで大量買取 → 破産　計画倒産疑惑で炎上中,ハムスター速報
2026-04-19,https://hamusoku.com/archives/10986063.html,田舎者ワイ　東京から逃げたい,ハムスター速報
2026-04-19,https://hamusoku.com/archives/10986521.html,中国人観光客による消費税免税ビジネス　害悪すぎると話題に,ハムスター速報
2026-04-19,https://hamusoku.com/archives/10986519.html,【辺野古女子高生死亡事故】同志社国際「原因は私たちにない」校長が宣言,ハムスター速報
2026-04-19,https://hamusoku.com/archives/10985982.html,アメリカ人「ハンバーガーは究極の健康食品やで」,ハムスター速報
2026-04-19,https://hamusoku.com/archives/10986389.html,Vtuberが同じアパートに引っ越してきた結果・・・,ハムスター速報
2026-04-18,https://alfalfalfa.com/articles/11031219.html,【画像】スラムダンクの作者がキングダム描いた結果ｗｗｗｗｗ,アルファルファモザイク
2026-04-18,https://alfalfalfa.com/articles/11031151.html,【ホロライブ切り抜き】ホロメンの訛り・方言＆エセ関西弁まとめwww【PickupYoutube】,アルファルファモザイク
2026-04-18,https://alfalfalfa.com/articles/11031199.html,【激報】小野田紀美さん,アルファルファモザイク
2026-04-18,https://alfalfalfa.com/articles/11031197.html,【悲報】多部未華子(37)、若い頃となんだか顔が違うと指摘されてしまう,アルファルファモザイク
2026-04-18,https://alfalfalfa.com/articles/11031153.html,【画像】最近のアラフィフ女子会、レベチｗｗｗｗｗｗｗｗｗｗｗｗｗｗｗ【Pickup】,アルファルファモザイク
2026-04-18,https://hamusoku.com/archives/10986381.html,キャバ嬢さん「世間の人々は、キラキラしたキャバクラの世界で働く自分たちのことを羨ましいと思っている」←,ハムスター速報
2026-04-18,https://hamusoku.com/archives/10986354.html,【京都男児遺体遺棄事件】安達優季容疑者　ネットで遺体の処理方法を調査していた事が判明　おんJ降臨説も,ハムスター速報
2026-04-18,https://hamusoku.com/archives/10986351.html,しゃぶ葉さん　謎の技術力で肉を透明化することに成功,ハムスター速報
2026-04-18,https://hamusoku.com/archives/10986307.html,【治外法権】川崎市と沖縄県では小学生でも小型自動二輪に乗る事が出来る現実,ハムスター速報
2026-04-18,https://hamusoku.com/archives/10986304.html,婚活市場に凄まじい”おばアタック”を繰り返す婚活歴１１年のバケモンがいると話題に,ハムスター速報
2026-04-18,https://hamusoku.com/archives/10986274.html,溝口勇児のマウント「君たちの年収４００万円はキャバ嬢であるゆいぴすが一日で稼いじゃう金額」←キャバクラ業界について調べた結果,ハムスター速報
2026-04-18,https://hamusoku.com/archives/10986272.html,外国人たちの間で『ナンバープレートなし運転』が大ブームに　日本の警察はスルー,ハムスター速報
2026-04-18,https://hamusoku.com/archives/10986271.html,【スタジオパヨク】ジブリ宮崎駿さん　辺野古基金共同代表として反基地運動に深く関与　寄付金が活動家に流れていた件,ハムスター速報
2026-04-18,https://hamusoku.com/archives/10984568.html,２６卒ワイ　もう会社が辛すぎる,ハムスター速報
2026-04-17,https://alfalfalfa.com/articles/11030883.html,「なにしてんだよ母親」木下優樹菜、男児遺体遺棄事件で父親逮捕に「母親にものすごい怒り」,アルファルファモザイク
2026-04-17,https://alfalfalfa.com/articles/11030760.html,【ホロライブ切り抜き】トモコレで、スバおかに惚れるフブちゃんの暴走を見て、ミオしゃに56されないか心配になるスバルwwwwwwww【PickupYoutube】,アルファルファモザイク
2026-04-17,https://alfalfalfa.com/articles/11030879.html,【悲報】しばき隊の「アンチ・トランプデモ」、海外に絶賛されてしまうｗｗｗ,アルファルファモザイク
2026-04-17,https://alfalfalfa.com/articles/11030872.html,【速報】イランがホルムズ海峡開放　原油価格暴落,アルファルファモザイク
2026-04-17,https://alfalfalfa.com/articles/11030863.html,【悲報】S&P500過去最高値更新！NISA損切民逝くｗｗｗｗｗｗｗｗｗ,アルファルファモザイク
2026-04-17,https://alfalfalfa.com/articles/11030838.html,【悲報】Netflix利用者、WBC終了後に31%減ｗｗｗｗｗｗｗｗｗｗｗｗｗｗ,アルファルファモザイク
2026-04-17,https://hamusoku.com/archives/10986081.html,個人Vtuberさんが本名バレした理由　アンチに開示請求したら支払い能力の無い無敵の人だったというトラップで草,ハムスター速報
2026-04-17,https://hamusoku.com/archives/10986066.html,日本の小児外科が終わるきっかけになりそうな長野県立こども病院訴訟　弁護士が儲かりまくる予定だと話題に,ハムスター速報
2026-04-17,https://hamusoku.com/archives/10985979.html,日本のマンガやアニメ等のクリエイター業界　あまりにも給料が安すぎて海外勢がドン引きする,ハムスター速報
2026-04-17,https://hamusoku.com/archives/10985977.html,食料品の消費税ゼロを公約にしていた中道改革連合さん　消費税減税反対派として動き出す「消費税減税は高所得層に恩恵が大きい」,ハムスター速報
2026-04-17,https://hamusoku.com/archives/10985966.html,肝臓専門医がお前らに伝えたいこと,ハムスター速報
2026-04-17,https://hamusoku.com/archives/10985944.html,Youtubeの収益停止が相次ぎYoutuber達が発狂する中で『ペット動画も収益停止でよくね？』の声が広がる,ハムスター速報
2026-04-17,https://hamusoku.com/archives/10985941.html,介護士という仕事の現実　ガチでヤバイ写真がアップされる,ハムスター速報
2026-04-17,https://hamusoku.com/archives/10985932.html,溝口勇児「君たちの年収４００万円はキャバ嬢であるゆいぴすが一日で稼いじゃう金額なんですけど、皆さんの年収。どう思います？」,ハムスター速報
2026-04-17,https://hamusoku.com/archives/10985652.html,結婚相談所「女性は自分より年収の低い男性とは基本結婚しません。」悲しいデータが公表される,ハムスター速報
2026-04-16,https://alfalfalfa.com/articles/11030554.html,【悲報】トランプさん、今日もまた1日中SNSをしてしまうｗｗｗｗｗ,アルファルファモザイク
2026-04-16,https://alfalfalfa.com/articles/11030540.html,【画像】安達優季容疑者（37）、割とイケメンだった,アルファルファモザイク
2026-04-16,https://alfalfalfa.com/articles/11030325.html,【画像】可愛いのに焼肉で毎回白飯の特盛を頼む女ｗｗｗｗｗｗｗｗｗｗｗ【Pickup】,アルファルファモザイク
2026-04-16,https://alfalfalfa.com/articles/11030463.html,【朗報】TOTOが受注再開へ　「経産省が原材料メーカーに供給継続の働きかけをしてくれた」,アルファルファモザイク
2026-04-16,https://alfalfalfa.com/articles/11030502.html,【悲報】安達結希くん、義父を「変なおっさん」呼ばわり,アルファルファモザイク
2026-04-16,https://alfalfalfa.com/articles/11030495.html,漫画『宇宙兄弟』やっと完結ｗｗｗｗｗ,アルファルファモザイク
2026-04-16,https://hamusoku.com/archives/10985764.html,【長野県立こども病院】１歳児が先天性の心臓病の手術を受けた後に死亡　両親が損害賠償8398万円を求めて提訴　日本の小児外科、訴訟リスクで終わりへ,ハムスター速報
2026-04-16,https://hamusoku.com/archives/10985657.html,丸亀製麺で乞食天丼が１８０円で食べれる件,ハムスター速報
2026-04-16,https://hamusoku.com/archives/10985666.html,仙台にいる地域猫・ウラくん　イケメンかわいいと話題に,ハムスター速報
2026-04-16,https://hamusoku.com/archives/10985434.html,ワイ「おんJで”みいちゃんと山田さん”大人気だな…AI君、ちょっと分析してみて」,ハムスター速報
2026-04-16,https://hamusoku.com/archives/10985650.html,ハローワークさん　手取り１４万円の求人を堂々と掲載してしまう←生活保護で１２万円貰った方が賢くない？と話題に,ハムスター速報
2026-04-16,https://hamusoku.com/archives/10985616.html,ハムスター「３分間待ってやる」指で意思を伝えるハムスターさん　天才かわいいと話題に,ハムスター速報
2026-04-16,https://hamusoku.com/archives/10985621.html,AI小説が星新一賞受賞作となる時代に　選考委員が辞退「AIの執筆した文章はもう読みたくない」「人間の手による作品か、AIによって書かれた作品か、全く区別がつかない」,ハムスター速報
2026-04-16,https://hamusoku.com/archives/10985609.html,【京都】男児遺体遺棄事件　義理の父親・安達優季の顔面公開　台湾メディアは『中国籍』と報道し混沌とし始める　日本メディアは沈黙,ハムスター速報
2026-04-16,https://hamusoku.com/archives/10985597.html,【熱烈外人食堂日高屋】「外国人を雇いたいのに制限がかかったので日本人を雇うしかない」発言で炎上中の日高屋　謎過ぎるお気持ち表明,ハムスター速報
2026-04-16,https://hamusoku.com/archives/10985439.html,三谷産業社長「高専卒はステータス」２歳上の大卒の初任給を高専卒が逆転,ハムスター速報
2026-04-15,https://alfalfalfa.com/articles/11030212.html,【悲報】日本人、ついにフルーツを食べられなくなる…,アルファルファモザイク
2026-04-15,https://alfalfalfa.com/articles/11030188.html,【速報】京都11歳男児の父親、逮捕状請求へ…,アルファルファモザイク
2026-04-15,https://alfalfalfa.com/articles/11029930.html,【画像】渋谷の女子高生、とんでもなく可愛いと話題にｗｗｗ【Pickup】,アルファルファモザイク
2026-04-15,https://alfalfalfa.com/articles/11030155.html,【速報】京都11歳男児の遺体遺棄事件、父親が関与ほのめかす供述,アルファルファモザイク
2026-04-15,https://alfalfalfa.com/articles/11030130.html,【悲報】マンション家賃、東京23区は手取りの4割弱…大阪神戸も危険水準へ,アルファルファモザイク
2026-04-15,https://alfalfalfa.com/articles/11029954.html,【画像】真木よう子「流行りの漫画のコスプレしてみました♡」←くっそかわいいと話題に【Pickup】,アルファルファモザイク
2026-04-15,https://alfalfalfa.com/articles/11030110.html,【悲報】GoPro、中国企業に負けて全く売れなくなる,アルファルファモザイク
2026-04-15,https://alfalfalfa.com/articles/11030107.html,ライザップ、正社員５００人を建設業に配置転換ｗｗｗｗｗｗｗ,アルファルファモザイク
2026-04-15,https://alfalfalfa.com/articles/11030105.html,【画像】セブンイレブン、とうとう「たこ焼き（揚げ）」に手を出してしまうｗｗｗｗｗ,アルファルファモザイク
2026-04-15,https://alfalfalfa.com/articles/11029949.html,【画像】「スカートJK」と「スラックスJK」を並べて比較した結果ｗｗｗｗｗｗｗｗｗｗｗｗｗｗ【Pickup】,アルファルファモザイク
2026-04-15,https://hamusoku.com/archives/10985467.html,【京都】男児遺体遺棄事件　父親が関与認める　逮捕状請求へ,ハムスター速報
2026-04-15,https://hamusoku.com/archives/10985442.html,【大阪万博】国産EVバスと捏造宣伝して大阪万博に中国製EVバスを納入したEVモーターズ・ジャパン　夜逃げ開始,ハムスター速報
2026-04-15,https://hamusoku.com/archives/10985436.html,【名探偵コナン】２０代カップル「あれ見てw絶対パパ活やんwきっしょwｗｗｗｗ」,ハムスター速報
2026-04-15,https://hamusoku.com/archives/10985440.html,中道改革連合　選挙で落ちた無職の中道候補者達に月額４０万円支給へ←さっさとハローワークに行けと炎上中,ハムスター速報
2026-04-15,https://hamusoku.com/archives/10985399.html,黒猫さんのお尻を触った結果,ハムスター速報
2026-04-15,https://hamusoku.com/archives/10985397.html,日高屋社長「外国人を雇いたいのに制限がかかったので日本人を雇うしかない」←炎上中　高市政権による外国人材受け入れ停止にコメント,ハムスター速報
2026-04-15,https://hamusoku.com/archives/10985382.html,【死体遺棄容疑】京都府警が安達結希さん宅を家宅捜索　空白の３時間の謎に迫れるか　所持品と遺体の不自然な状況,ハムスター速報
2026-04-15,https://hamusoku.com/archives/10985370.html,【ハチミツとクローバー・3月のライオン】羽海野チカ先生が衝撃を受けたボールペン　書き心地が凄いと話題となり１０万いいね,ハムスター速報
2026-04-15,https://hamusoku.com/archives/10985359.html,ブラックすぎて看護師を目指す人が激減　現役看護師が給料を公開して嘆く「近所のコンビニと同じ」「ごめん、正直いまから看護師を目指す人どうかしてるわ」,ハムスター速報
2026-04-15,https://hamusoku.com/archives/10985205.html,日本の私立大学　ゴミばかりだと話題に,ハムスター速報
2026-04-14,https://alfalfalfa.com/articles/11029827.html,【悲報】日本で外国みたいな強盗事件が起きる…,アルファルファモザイク
2026-04-14,https://alfalfalfa.com/articles/11029825.html,【画像】最近の若い女でこんな洋服が流行ってんの？？？,アルファルファモザイク
2026-04-14,https://alfalfalfa.com/articles/11029809.html,【画像】蘭ねーちゃん、明らかに強すぎる,アルファルファモザイク
2026-04-14,https://alfalfalfa.com/articles/11029545.html,【画像】コメダにかわいいJK居たｗｗｗｗｗｗｗｗｗｗｗｗｗｗｗｗｗ【Pickup】,アルファルファモザイク
2026-04-14,https://alfalfalfa.com/articles/11029768.html,【悲報】アスナのフィギュア、目がおかしいと話題に,アルファルファモザイク
2026-04-14,https://alfalfalfa.com/articles/11029760.html,【悲報】チョコボールの値段、限界をさらに突破するｗｗｗｗｗｗｗｗｗｗｗｗｗｗ,アルファルファモザイク
2026-04-14,https://alfalfalfa.com/articles/11029757.html,【画像】漫画家さん「車運転してる女性？まあこんな感じやろ」,アルファルファモザイク
2026-04-14,https://alfalfalfa.com/articles/11029544.html,【画像】のんさん(32)の風呂上がりwwwwwwwwwwwwwwwwwwww【Pickup】,アルファルファモザイク
2026-04-14,https://alfalfalfa.com/articles/11029746.html,【速報】発見された遺体は行方不明の11歳男児と判明,アルファルファモザイク
2026-04-14,https://hamusoku.com/archives/10985202.html,コメ価格暴落開始　専門家「“損をしてでも在庫を減らさないと”しようがないという状況」,ハムスター速報
2026-04-14,https://hamusoku.com/archives/10985199.html,【テレビ朝日】モーニングショー・玉川徹が番組内でユダヤ人へのヘイトスピーチしたことがイスラエルにバレる　イスラエル側が抗議書簡を出しガチの外交問題に発展,ハムスター速報
2026-04-14,https://hamusoku.com/archives/10985174.html,【ニコニコ超会議】ニコニコ動画　ガチのオワコン,ハムスター速報
2026-04-14,https://hamusoku.com/archives/10985135.html,永野芽郁さん　やっぱり魂入れ替わってる説が濃厚に,ハムスター速報
2026-04-14,https://hamusoku.com/archives/10985133.html,ソフトバンク光の解約　不可能,ハムスター速報
2026-04-14,https://hamusoku.com/archives/10985117.html,【スレッズ悲報】Threadsの民度　予想以上にヤバイｗｗｗｗｗｗｗｗｗ,ハムスター速報
2026-04-14,https://hamusoku.com/archives/10985116.html,高市政権が設定した特定技能１号の枠が上限に達し外国人受け入れ原則停止になる←外食産業が上限引き上げろと発狂中,ハムスター速報
2026-04-14,https://hamusoku.com/archives/10985094.html,【宮崎県】ポメラニアンの警察犬が初誕生,ハムスター速報
2026-04-14,https://hamusoku.com/archives/10985076.html,【東京で働くということ】新社会人さん　本日で退職確定,ハムスター速報
2026-04-14,https://hamusoku.com/archives/10979555.html,学校給食の飲み物が『牛乳』これは許されるのか？,ハムスター速報
2026-04-13,https://alfalfalfa.com/articles/11029382.html,【ホロライブ切り抜き】あぽろの案件がなくなるBIG3ｗｗｗｗｗｗｗｗｗｗｗｗｗｗｗｗ（大空スバル／白銀ノエル／雪花ラミィ）【PickupYoutube】,アルファルファモザイク
2026-04-13,https://alfalfalfa.com/articles/11029441.html,【悲報】最新のマツコ、もうだめそう……,アルファルファモザイク
2026-04-13,https://alfalfalfa.com/articles/11029430.html,【画像】行方不明男児の事件、自宅・小学校・リュック・靴・遺体の位置関係がこちら,アルファルファモザイク
2026-04-13,https://alfalfalfa.com/articles/11029246.html,【悲報】ガルパン声優の制服姿、レベチｗｗｗｗｗｗｗｗｗｗｗｗｗｗｗｗｗｗｗｗ【Pickup】,アルファルファモザイク
2026-04-13,https://alfalfalfa.com/articles/11029409.html,【悲報】自民党、現役自衛隊音楽隊所属の歌手を党大会に呼び制服姿で国歌を歌わせてしまう,アルファルファモザイク
2026-04-13,https://alfalfalfa.com/articles/11029402.html,【悲報】YouTube考察厨、男児行方不明事件に「鳥獣処理施設で遺体を処理できる時間が事件と一致していて合理性がある」,アルファルファモザイク
2026-04-13,https://alfalfalfa.com/articles/11029245.html,【画像】Lカップの女性がビキニを付けた結果ｗｗｗｗｗｗｗｗｗｗｗｗｗｗｗｗｗｗｗｗｗｗｗ【Pickup】,アルファルファモザイク
2026-04-13,https://hamusoku.com/archives/10979200.html,ワイくん　友達にニートカミングアウトしたら素っ気ない態度を取られる,ハムスター速報
2026-04-13,https://hamusoku.com/archives/10984878.html,【煩悩の塊】クソ坊主の高級車コレクション,ハムスター速報
2026-04-13,https://hamusoku.com/archives/10984879.html,【速報】京都府南丹市　行方不明になっていた男子児童とみられる遺体　見つかる,ハムスター速報
2026-04-13,https://hamusoku.com/archives/10984811.html,【広島】７６歳男性「ブレーキとアクセルを踏み間違えた」高校生が重体、中学生が重傷←これへの対策はどうしたらいいのか？,ハムスター速報
2026-04-13,https://hamusoku.com/archives/10984788.html,AIによってホワイトカラー失業が深刻化→とび職「AIに足場は組めない。近年の年収は800万～1千万円ほど。仕事次第では1200万円になる。」,ハムスター速報
2026-04-13,https://hamusoku.com/archives/10984781.html,フランスからの帰国子女「スタバのマグカップを持ち帰るのはフランスでは普通」←さすがに海外出羽守の嘘かと思いきや・・・,ハムスター速報
2026-04-13,https://hamusoku.com/archives/10984776.html,高市首相　憲法改正発議へ「立党から70年、時は来た。私たちが行うべきなのは決断のための議論だ。」,ハムスター速報
2026-04-13,https://hamusoku.com/archives/10984769.html,若者世代の生活保護ブーム　正常化説,ハムスター速報
2026-04-13,https://hamusoku.com/archives/10984686.html,スマホ認知症　怖すぎる「YouTubeやショート動画を流すのが癖になり記憶が欠落。常に脳が溶けている感覚だった。」,ハムスター速報
2026-04-12,https://alfalfalfa.com/articles/11029174.html,【悲報】YouTuberはじめしゃちょー、HIKAKINに嫌がらせをされる,アルファルファモザイク
2026-04-12,https://alfalfalfa.com/articles/11029164.html,【悲報】トランプ「次のカードは海上封鎖」やり返す模様,アルファルファモザイク
2026-04-12,https://alfalfalfa.com/articles/11028898.html,【画像】ギャルのすっぴん、想像以上に振り切れててネット騒然ｗｗｗｗｗｗ【Pickup】,アルファルファモザイク
2026-04-12,https://alfalfalfa.com/articles/11029155.html,【悲報】日本人「俺のじいちゃんが戦争中に中国に撃たれて許せない」→外国人に論破されるｗｗｗｗｗ,アルファルファモザイク
2026-04-12,https://alfalfalfa.com/articles/11029132.html,こういうラーメンってどう食えばいいんだ…粉を口付けて吸うのか？,アルファルファモザイク
2026-04-12,https://alfalfalfa.com/articles/11029119.html,【悲報】YouTube収益化停止の波…登録者124万人のフィットネスYouTuberが活動休止！家族系や大食い系も影響か,アルファルファモザイク
2026-04-12,https://alfalfalfa.com/articles/11028897.html,【動画】佳子様(31)のファンサwwwwwwwwww【Pickup】,アルファルファモザイク
2026-04-12,https://hamusoku.com/archives/10984698.html,東武トップツアーズさん　沖縄の平和教育で殺された武石知華さんの遺品をボロボロの段ボールに詰めて遺族に送り付けていた事が判明,ハムスター速報
2026-04-12,https://hamusoku.com/archives/10984678.html,【イスラム教】神奈川県藤沢市でのモスク建設の反対・抗議デモ　左翼団体も当たり屋として集まり凄いことになってる,ハムスター速報
2026-04-12,https://hamusoku.com/archives/10984565.html,ジュラシックパークの登場人物　何作作っても余計なことしかしない,ハムスター速報
2026-04-12,https://hamusoku.com/archives/10984570.html,【令和の米騒動】民間在庫３００万トンのコメの投げ売り始まる　７週連続の値下がり,ハムスター速報
2026-04-12,https://hamusoku.com/archives/10984559.html,認知症のワンオペ介護の現実　壮絶すぎる「母を捨てる。それがもし何の罪にもならないのであれば、私は母を捨てたい」,ハムスター速報
2026-04-12,https://hamusoku.com/archives/10984194.html,中卒前科持ちワイ　社会の最底辺で働いてる,ハムスター速報
2026-04-12,https://hamusoku.com/archives/10984471.html,高市政権の不法滞在者ゼロプラン　タイの不法就労ブローカーに効きまくり難民申請がほぼゼロに激減,ハムスター速報
2026-04-12,https://hamusoku.com/archives/10984472.html,セブンイレブン「２年連続で利益が減っただって？ワンオペやらせたら儲かるんじゃね？」,ハムスター速報
2026-04-12,https://hamusoku.com/archives/10984468.html,【駐車監視員】ミドリムシとかいう仕事,ハムスター速報
2026-04-12,https://hamusoku.com/archives/10979193.html,無職なのに通学路の旗振りやってる,ハムスター速報
2026-04-11,https://alfalfalfa.com/articles/11028821.html,「高学歴娘、専業主婦になる」大金をつぎ込んだ母の無念…専門家が指摘「日本は学歴が高い女性ほど専業主婦率が高い」,アルファルファモザイク
2026-04-11,https://alfalfalfa.com/articles/11028813.html,【悲報】高市早苗さん、憧れのバンドを官邸に招き、自身のサイン入りドラム・スティックをプレゼントｗｗｗｗｗｗ,アルファルファモザイク
2026-04-11,https://alfalfalfa.com/articles/11028804.html,【悲報】King Gnu常田「ヒットした音楽＝優れた音楽だと思ってる頭湧いてる奴が多すぎる(ﾆﾁｬｱ」,アルファルファモザイク
2026-04-11,https://alfalfalfa.com/articles/11028617.html,【画像】整形でめっちゃ成功して可愛くなった女ｗｗｗｗｗｗｗｗｗｗｗｗｗｗｗ【Pickup】,アルファルファモザイク
2026-04-11,https://alfalfalfa.com/articles/11028792.html,【凄すぎ】劇場版「名探偵コナン」初日興収11.3億円　驚異の過去最高スタート,アルファルファモザイク
2026-04-11,https://alfalfalfa.com/articles/11028781.html,町山智浩「高市内閣支持率７１．５％　みんな一緒に地獄に行くんだね」,アルファルファモザイク
2026-04-11,https://hamusoku.com/archives/10984377.html,【神企業】セブンイレブン　無料クーポンで商品配布開始,ハムスター速報
2026-04-11,https://hamusoku.com/archives/10984459.html,【炎上】同志社国際高校　沖縄の平和教育に殺された女子高生に対して黙祷無し「事故の直接的な原因は学校にはありません。」,ハムスター速報
2026-04-11,https://hamusoku.com/archives/10984189.html,お前らがやってきた中で１番楽だったバイトって何？,ハムスター速報
2026-04-11,https://hamusoku.com/archives/10984373.html,【中国化したニセコ】野口健さん「ニセコの視察に入っていますが衝撃の連続。」,ハムスター速報
2026-04-11,https://hamusoku.com/archives/10984198.html,美少女婚活戦士「婚活市場で35歳はまだ若手。最近の日本人女性は美魔女だらけですからね」,ハムスター速報
2026-04-11,https://hamusoku.com/archives/10984195.html,警察「信号無視すると思ったら信号守ったので追突しちゃいました」「（0:10だけど）修理代全額出せません」,ハムスター速報
2026-04-11,https://hamusoku.com/archives/10984193.html,【長喜温泉】サウナで整いすぎたガチ犯罪者　ヤバい,ハムスター速報
2026-04-11,https://hamusoku.com/archives/10984192.html,【祝】高市政権　中国との関係を「最重要」から格下げ,ハムスター速報
2026-04-11,https://hamusoku.com/archives/10984191.html,石丸伸二が水着美女と『愛してるよゲーム』をやっている姿　お前らは想像できたか？,ハムスター速報
2026-04-11,https://hamusoku.com/archives/10984348.html,高知県　出会い系サイトへの登録を税金で支援開始,ハムスター速報
2026-04-10,https://alfalfalfa.com/articles/11028501.html,【悲報】トランプさん、なんか病んで意味不明の長文をアップしてしまう😭,アルファルファモザイク
2026-04-10,https://alfalfalfa.com/articles/11028468.html,【ホロライブ切り抜き】爆笑必至の珍回答連発！義務教育が敗北した瞬間BEST25【PickupYoutube】,アルファルファモザイク
2026-04-10,https://alfalfalfa.com/articles/11028499.html,【悲報】34歳男「お前を殺す」　17歳の妹を脅迫して逮捕,アルファルファモザイク
2026-04-10,https://alfalfalfa.com/articles/11028493.html,ヒカキン、謝罪,アルファルファモザイク
2026-04-10,https://alfalfalfa.com/articles/11028226.html,【朗報画像】グラビアアイドルさん、とんでもない上空写真を投下してしまうｗｗｗ【Pickup】,アルファルファモザイク
2026-04-10,https://alfalfalfa.com/articles/11028487.html,【悲報】富野由悠季🧑‍🦲「ガンダムは反戦作品なのにオタクに何も伝わってない」,アルファルファモザイク
2026-04-10,https://alfalfalfa.com/articles/11028462.html,【悲報】外国人「日本の中古レトロゲー安すぎw買いまくったろwwwwww」,アルファルファモザイク
2026-04-10,https://alfalfalfa.com/articles/11028453.html,【悲報】元大物放送作家「ラーメンとライス頼んでライスだけ先に出す店、なんで？」,アルファルファモザイク
2026-04-10,https://hamusoku.com/archives/10984178.html,ハムスターかわいい画像特集,ハムスター速報
2026-04-10,https://hamusoku.com/archives/10984161.html,【フジテレビ】ドラマ夫婦別姓刑事の主演女優・橋本愛さん「選択的夫婦別姓が実現しなければ結婚しない」,ハムスター速報
2026-04-10,https://hamusoku.com/archives/10984153.html,【ソフトバンク悲報】ソフトバンクとワイモバイル　既存プラン含めて値上げ,ハムスター速報
2026-04-10,https://hamusoku.com/archives/10979190.html,高卒でも勝ち組になれる方法教えたる,ハムスター速報
2026-04-10,https://hamusoku.com/archives/10984070.html,デジタル教科書導入で炎上中の日本の教育行政　そもそも頭が悪すぎてデジタル教科書の運用が無理な事が判明,ハムスター速報
2026-04-10,https://hamusoku.com/archives/10984048.html,【初任給バブル】新卒年収１４００万円,ハムスター速報
2026-04-10,https://hamusoku.com/archives/10984042.html,【高市自民党の支持率下げてやる】共同通信記者さん　日本語が理解できずガチの捏造報道をバラまいてしまう,ハムスター速報
2026-04-10,https://hamusoku.com/archives/10984027.html,ゲイ疑惑の数珠繋ぎ動画　めちゃくちゃで草,ハムスター速報
2026-04-10,https://hamusoku.com/archives/10978427.html,バルミューダ「ワイ達が和製Appleでありジョブズ！世界を変えてやるよ！！！」投資家「神企業すご！！！」「これマジいけるんちゃうか！！！？」,ハムスター速報
2026-04-09,https://alfalfalfa.com/articles/11028163.html,ＥＵ「もはや中国よりアメリカが世界の脅威」,アルファルファモザイク
2026-04-09,https://alfalfalfa.com/articles/11028041.html,【ホロライブ切り抜き】酒に酔っ払い好き放題暴れ散らかし『ホロのアイドルライン』を大股で飛び越えるホロメン達に絶望するらでんwwww【PickupYoutube】,アルファルファモザイク
2026-04-09,https://alfalfalfa.com/articles/11028132.html,【朗報】亡くなった開業医の女性、遺族がいないので5億円を寄付　親族に感謝状,アルファルファモザイク
2026-04-09,https://alfalfalfa.com/articles/11028151.html,岡田斗司夫「プペル2は見なくても分かる。ゴミ！」西野「お前、焼肉屋で食べても無いのに不味い言うのか」,アルファルファモザイク
2026-04-09,https://alfalfalfa.com/articles/11027894.html,【画像】あのちゃん、この角度でバレてしまうｗｗｗｗｗｗｗｗｗｗｗｗｗｗｗｗｗｗｗｗｗｗｗｗｗｗ【Pickup】,アルファルファモザイク
2026-04-09,https://alfalfalfa.com/articles/11028117.html,【悲報】作業着のおっさん、警察のフリして青切符で高校生から2000円騙し取るｗｗｗｗｗｗｗｗｗ,アルファルファモザイク
2026-04-09,https://hamusoku.com/archives/10983857.html,年商１５億の社長秘書の１日←どういう求人なのかと話題に,ハムスター速報
2026-04-09,https://hamusoku.com/archives/10977757.html,３万円借りてるトッモ「ごめん、１万円しか返せないんだけどいい？」ワイ「残りは今度でもいいよ」,ハムスター速報
2026-04-09,https://hamusoku.com/archives/10983793.html,【悲報】小学生　週三で塾に行かされ泣く,ハムスター速報
2026-04-09,https://hamusoku.com/archives/10983760.html,埼玉県川口市の公立小学校　外国籍児童の比率が６割に達する…日本人の子供がマイノリティに,ハムスター速報
2026-04-09,https://hamusoku.com/archives/10983736.html,【習近平ありがとう】習近平「中国人は日本に行くな！」→中国人観光客がロシアに殺到しロシア人発狂,ハムスター速報
2026-04-09,https://hamusoku.com/archives/10983731.html,中卒すすきのNo. 1キャバ嬢さん　確定申告で納税額１億円　不動産投資まで始めて圧倒的格差を見せつけてくる,ハムスター速報
2026-04-09,https://hamusoku.com/archives/10983733.html,【TBS報道特集】社員１人の会社を経営する謎のバーチャルオフィス専門家『６月にはナフサが無くなって日本は詰む』と買い占めを煽る←現場を混乱させ嘘がバレて炎上中,ハムスター速報
2026-04-09,https://hamusoku.com/archives/10983723.html,中革連・小川淳也「国民が野党を批判してくるのは暮らしのゆとりや精神的な余裕が無いから」,ハムスター速報
2026-04-09,https://hamusoku.com/archives/10983582.html,千利休「お、お主、何をやっておるのだ…(倒れる)」,ハムスター速報
2026-04-09,https://hamusoku.com/archives/10983589.html,新卒ワイ　仕事が辛くて家から出られない,ハムスター速報
2026-04-08,https://alfalfalfa.com/articles/11027793.html,【朗報】トランプ「イランの核開発なさそうw制裁解除するわw」,アルファルファモザイク
2026-04-08,https://alfalfalfa.com/articles/11027780.html,【朗報】テスラの自動運転、人間を超えるw w w w w w w,アルファルファモザイク
2026-04-08,https://alfalfalfa.com/articles/11027768.html,消費減税「システム改修に1年」、27年秋以降か,アルファルファモザイク
2026-04-08,https://alfalfalfa.com/articles/11027763.html,【悲報】辺野古事故船長「亡くなった生徒はライフジャケットをちゃんと着てなかった」,アルファルファモザイク
2026-04-08,https://alfalfalfa.com/articles/11027754.html,アメリカの大学バスケの監督（年俸13.2億円←これ）,アルファルファモザイク
2026-04-08,https://alfalfalfa.com/articles/11027741.html,【画像】いらすとや⋯「TACO」をイラスト化 ｗｗｗｗｗｗｗ,アルファルファモザイク
2026-04-08,https://alfalfalfa.com/articles/11027732.html,【画像】恐すぎるヤクザのご尊顔ｗｗｗｗｗｗｗｗ,アルファルファモザイク
2026-04-08,https://hamusoku.com/archives/10983624.html,【移民犯罪】カンボジア人グループによる銅線窃盗で野球場が破壊され１億５０００万円相当の被害が発生　北村晴男議員「厳罰に処する必要がある」,ハムスター速報
2026-04-08,https://hamusoku.com/archives/10983597.html,【イオン】トップバリュのサンドイッチのハム　謎の技術が使われてて草,ハムスター速報
2026-04-08,https://hamusoku.com/archives/10983595.html,マクドナルドと日清の広報　マジで嫌われ始める,ハムスター速報
2026-04-08,https://hamusoku.com/archives/10983593.html,【リアルみいちゃん】キャバ嬢さん　関西コレクションに出演してボロクソに批判されてしまう・・・,ハムスター速報
2026-04-08,https://hamusoku.com/archives/10983548.html,なぜ婚活市場は地獄なのか？,ハムスター速報
2026-04-08,https://hamusoku.com/archives/10983542.html,国立研究開発法人建築研究所「正社員共働きが増えていく今の社会は持続可能なのか？」子供達「本当は家にいたい。学童に行きたくない…。」,ハムスター速報
2026-04-08,https://hamusoku.com/archives/10983540.html,韓国式『子供の早期教育』←ドン引きレベルだと話題に,ハムスター速報
2026-04-08,https://hamusoku.com/archives/10983516.html,【セーラームーンシアター】Shining Theater Shinagawa Tokyo　クオリティが凄すぎると話題に　セーラームーン世代はとりあえず劇場に行け,ハムスター速報
2026-04-08,https://hamusoku.com/archives/10983016.html,わい年収が８０万円も上がる,ハムスター速報
2026-04-08,https://hamusoku.com/archives/10977756.html,明らかにおっさんがやってる飯ブログの更新がピタッと止んだのを見てなぜかワイから涙がこぼれました,ハムスター速報
2026-04-07,https://alfalfalfa.com/articles/11027425.html,【ホロライブ切り抜き】大空スバルのスーパーマリオワールド珍プレーまとめ【PickupYoutube】,アルファルファモザイク
2026-04-07,https://alfalfalfa.com/articles/11026202.html,【悲報】Xさん、自動翻訳でとんでもない事が全世界にバレてしまう wwwwwwwwwwww,アルファルファモザイク
2026-04-07,https://alfalfalfa.com/articles/11027470.html,トランプ「文明消滅まであと10時間。どうする？」,アルファルファモザイク
2026-04-07,https://alfalfalfa.com/articles/11027459.html,【悲報】統一教会、プロレスみたいな名前になる。新団体名FFWPU,アルファルファモザイク
2026-04-07,https://alfalfalfa.com/articles/11027400.html,【画像】◯◯◯女子、ドヤ顔でインタビューを受けてしまうｗｗｗ【Pickup】,アルファルファモザイク
2026-04-07,https://alfalfalfa.com/articles/11027446.html,【朗報】高市政権「年を越えて石油の供給を確保できるめどがついた」,アルファルファモザイク
2026-04-07,https://hamusoku.com/archives/10981287.html,【悲報】ワイの血圧、限界突破,ハムスター速報
2026-04-07,https://hamusoku.com/archives/10983329.html,イッヌと帰還軍人シリーズ←かわいすぎて泣いちゃう,ハムスター速報
2026-04-07,https://hamusoku.com/archives/10983312.html,生活保護受給が大ブームに　受給世帯数が過去最多　２０歳受給者「若者が賢くなった証拠。早めに『国に養ってもらうフェーズ』に移行した方が人生のタイパ良いよ。」,ハムスター速報
2026-04-07,https://hamusoku.com/archives/10983287.html,ハム速　「日本で最もアクセスされたオンラインサービスのウェブサイト」ランキングに掲載される,ハムスター速報
2026-04-07,https://hamusoku.com/archives/10983276.html,子供達のマンガ離れが深刻に…今やマンガは小学生にとって「賢い子の読むもの」,ハムスター速報
2026-04-07,https://hamusoku.com/archives/10983256.html,アメリカの研究チーム「通勤時間４４分がメンタルヘルスの分岐点」,ハムスター速報
2026-04-07,https://hamusoku.com/archives/10977752.html,カフェイン←これ,ハムスター速報
2026-04-07,https://hamusoku.com/archives/10983028.html,美女がタトゥーを入れない理由　１３万いいね,ハムスター速報
2026-04-07,https://hamusoku.com/archives/10977751.html,私メリーさん。今自宅にいるの,ハムスター速報
2026-04-06,https://alfalfalfa.com/articles/11027107.html,【ホロライブ切り抜き】ぺこら・あくあ・スバルの不思議な焼肉会ｗｗｗｗｗｗｗｗｗｗｗｗｗｗｗｗｗｗ【PickupYoutube】,アルファルファモザイク
2026-04-06,https://alfalfalfa.com/articles/11027156.html,【悲報】イスラエル、イラン最大の石油施設を攻撃,アルファルファモザイク
2026-04-06,https://alfalfalfa.com/articles/11027149.html,【悲報】20代の生活保護、7倍に増加ｗｗｗｗｗｗ,アルファルファモザイク
2026-04-06,https://alfalfalfa.com/articles/11027130.html,【悲報】新入社員さん、入社して4時間で退職wwwwwww,アルファルファモザイク
2026-04-06,https://hamusoku.com/archives/10178716.html,ネットで知り合った女の子とデートしてきたんやけどｗｗｗ,ハムスター速報
2026-04-06,https://hamusoku.com/archives/10983055.html,【中東情勢】諸外国の混乱報道が相次ぐ中で高市政権の対応を絶賛する声　X民「みんな素直に、高市さん、赤沢さん、茂木ちゃんを褒めようや」４万いいね,ハムスター速報
2026-04-06,https://hamusoku.com/archives/10983072.html,【退職RTA】新入社員達がものすごい勢いで退職　退職代行に殺到中,ハムスター速報
2026-04-06,https://hamusoku.com/archives/10983025.html,炎上中のヒカキン「麦茶は地味で退屈。日本の麦茶を変えたい」←これ,ハムスター速報
2026-04-06,https://hamusoku.com/archives/10982990.html,【X異文化交流部】アメリカ文化『コーラにピーナッツを入れる』→最新流行はこれ,ハムスター速報
2026-04-06,https://hamusoku.com/archives/10982738.html,【令和はハゲの時代】恋愛市場で遂に『ハゲ』の価値が急上昇中！お前ら今すぐ髪を毟れ！！！,ハムスター速報
2026-04-06,https://hamusoku.com/archives/10982737.html,くら寿司さん　いつの間にかエグい商売始めてるｗｗｗｗｗｗ,ハムスター速報
2026-04-06,https://hamusoku.com/archives/10982982.html,【ホロライブ】カバー株式会社からリストラされそうになっている男性VTuberグループ『ホロスターズ』さん　発狂して無敵モードになるｗｗｗｗｗｗｗｗｗｗｗｗｗ,ハムスター速報
2026-04-06,https://hamusoku.com/archives/10982742.html,【同志社国際高校】女子高生死亡を起こした沖縄平和教育ツアー修学旅行利権　東武トップツアーだけでなく近畿日本ツーリストでも行われていた,ハムスター速報
2026-04-06,https://hamusoku.com/archives/10982745.html,新卒ワイ、今週だけでへとへと　来週からの週５労働に耐えられる自信がない模様,ハムスター速報
2026-04-05,https://alfalfalfa.com/articles/11026750.html,【ホロライブ切り抜き】かなたんとご飯に行ってもっと喋りたくてカフェに誘ったり機材を譲ってもらったりするヴィヴィｗｗｗｗｗｗ【PickupYoutube】,アルファルファモザイク
2026-04-05,https://alfalfalfa.com/articles/11026207.html,【悲報】B型作業所でeスポーツを採用する業者が急増ｗｗｗｗｗ,アルファルファモザイク
2026-04-05,https://alfalfalfa.com/articles/11026859.html,【おやびん速報】米軍、イラン敵地で真夜中の救出劇…数百人の特殊部隊動員,アルファルファモザイク
2026-04-05,https://alfalfalfa.com/articles/11026661.html,【最強画像】佐々木希さん、お人形さんみたいwww【Pickup】,アルファルファモザイク
2026-04-05,https://alfalfalfa.com/articles/11026835.html,【動画】愛国者さん、クルド人の工事現場に押しかけ穴に落ちる,アルファルファモザイク
2026-04-05,https://alfalfalfa.com/articles/11026792.html,【悲報】「子供望まない」未婚女性64%、男性上回る　キャリア断絶への不安で,アルファルファモザイク
2026-04-05,https://hamusoku.com/archives/10982747.html,ヒカキン「しばらくSNSの投稿ができないかもしれません。トラブルではないので心配しないでください」←ゴミみたいな外国産麦茶の宣伝だと判明して大炎上,ハムスター速報
2026-04-05,https://hamusoku.com/archives/10982734.html,Youtubeやショート動画を子供に見せると頭がドーパミン中毒症状でヤバくなる現象について　子供の脳容積の増加が抑えられ発達の遅れに,ハムスター速報
2026-04-05,https://hamusoku.com/archives/10982723.html,スウェーデン「猫を1日放置した飼い主からは罰金を徴収」「猫の福祉の為には、飼い主は1日に2回以上猫とふれあう義務がある」,ハムスター速報
2026-04-05,https://hamusoku.com/archives/10982712.html,高校2年生です。彼氏とのデートのご飯でサイゼリヤに行かれました。最悪です　なんで世の中の男はこんなに金ないんでしょうか？,ハムスター速報
2026-04-05,https://hamusoku.com/archives/10982710.html,【マクドナルド悲報】コク旨かるび焼肉風てりたま　詐欺だった,ハムスター速報
2026-04-05,https://hamusoku.com/archives/10982709.html,日本テレビ系「ZIP！」制作会社の新入社員・吉田柚実さん　水卜麻美アナやSnow Manのスケジュールを公開して大炎上,ハムスター速報
2026-04-05,https://hamusoku.com/archives/10982707.html,【自称ネイティブ（笑）】英語わかってる感じのドヤ顔イキリ英語アカウント「ネイティブの間では～」←海外勢からカウンターを食らうｗｗｗｗｗｗｗｗｗｗｗｗ,ハムスター速報
2026-04-05,https://hamusoku.com/archives/10982705.html,"警察さん　当たり前のようにイエローカット走行をやって大炎上　反則金9,000円",ハムスター速報
2026-04-05,https://hamusoku.com/archives/10982701.html,【反社】TBSのニュース番組　ガチでヤバいものが映りこむ放送事故,ハムスター速報
2026-04-05,https://hamusoku.com/archives/10977567.html,トッモの車乗せてもらって勝手に充電させてもらうのっておかしい？,ハムスター速報
2026-04-04,https://alfalfalfa.com/articles/11026536.html,【画像】渋谷放火犯の50代日本国籍🇯🇵の男のご尊顔wwwwwww,アルファルファモザイク
2026-04-04,https://alfalfalfa.com/articles/11026514.html,【悲報】フィフィ、一線を越える,アルファルファモザイク
2026-04-04,https://alfalfalfa.com/articles/11026512.html,ホルムズ海峡の通行料、仮に成立したらイランは１日３２億円の収入,アルファルファモザイク
2026-04-04,https://alfalfalfa.com/articles/11026273.html,【画像】さいたまのショッピングモールのインタビュー、レベチｗｗｗｗｗｗｗｗｗｗ【Pickup】,アルファルファモザイク
2026-04-04,https://alfalfalfa.com/articles/11026483.html,【悲報】警官、青切符切るために自転車を白バイで追跡wwwwwwwwwwwwwwwwww,アルファルファモザイク
2026-04-04,https://alfalfalfa.com/articles/11026476.html,【悲報】高市首相「石油製品、直ちに供給途絶起きず」←『直ちに』これって…,アルファルファモザイク
2026-04-04,https://hamusoku.com/archives/10982578.html,お前ら「最近のワンピースつまらん！」ガチファンワイ「・・・」,ハムスター速報
2026-04-04,https://hamusoku.com/archives/10982459.html,YouTubeで「資産1000万から人生が変わる!」とかいう動画あるけど,ハムスター速報
2026-04-04,https://hamusoku.com/archives/10982232.html,新卒さん、電話を取らないｗｗｗｗｗｗｗ,ハムスター速報
2026-04-04,https://hamusoku.com/archives/10982423.html,【脱エンジン】ホンダの社長　ヤバい,ハムスター速報
2026-04-04,https://hamusoku.com/archives/10982421.html,【道路交通法改正】自転車の車道走行で渋滞が多発し自転車ヘイトが大変なことになる　岸田政権と公明党の置き土産が全国の道路で大爆発中,ハムスター速報
2026-04-04,https://hamusoku.com/archives/10982221.html,心の声が漏れたせいで職場地獄なんやが,ハムスター速報
2026-04-04,https://hamusoku.com/archives/10982206.html,終活の闇　弁護士と司法書士に食い物にされる認知症高齢者達,ハムスター速報
2026-04-04,https://hamusoku.com/archives/10982191.html,都内開業医「家族がいないと４０歳位から狂っていくのは分かる気がする」,ハムスター速報
2026-04-04,https://hamusoku.com/archives/10982185.html,マッチングアプリの現実,ハムスター速報
2026-04-04,https://hamusoku.com/archives/10982425.html,【恋愛病院】俺たちの石丸伸二さん　最高すぎるｗｗｗｗｗｗｗｗｗｗｗｗｗｗ,ハムスター速報
2026-04-03,https://alfalfalfa.com/articles/11026176.html,【悲報】中川翔子さん、指輪が抜けなくなりヤバいことになる,アルファルファモザイク
2026-04-03,https://alfalfalfa.com/articles/11026172.html,政府、身寄りない高齢者支援強化へ閣議決定ｗｗｗｗｗ,アルファルファモザイク
2026-04-03,https://alfalfalfa.com/articles/11026149.html,【悲報】トランプ「世界中に関税かけたのに何故か米国史最大の貿易赤字、どうして😭」,アルファルファモザイク
2026-04-03,https://alfalfalfa.com/articles/11025917.html,【画像】ダレノガレ明美さん、どうやって着たのか分からない衣装を着てしまう【Pickup】,アルファルファモザイク
2026-04-03,https://alfalfalfa.com/articles/11026145.html,商船三井、ホルムズ海峡突破ｗｗｗｗ,アルファルファモザイク
2026-04-03,https://hamusoku.com/archives/10982233.html,【動画あり】渋谷のスクランブル交差点　放火される,ハムスター速報
2026-04-03,https://hamusoku.com/archives/10982120.html,ワイ「ふぃー、タバコ休憩すっか」新卒「あ、自分も行くっす」←これ,ハムスター速報
2026-04-03,https://hamusoku.com/archives/10982202.html,日本人の睡眠時間　４年連続で世界最下位,ハムスター速報
2026-04-03,https://hamusoku.com/archives/10982174.html,新入社員　退職代行で退職へ,ハムスター速報
2026-04-03,https://hamusoku.com/archives/10981861.html,卒論を書かずに国際基督教大学に6年間在学して「女子大生ブランド」でキャバ嬢をやっていた人が稼いだ額　ヤバすぎて草,ハムスター速報
2026-04-03,https://hamusoku.com/archives/10982114.html,【独身税開始】NPO利権の為に働くこども家庭庁　高市政権が担当閣僚を置かず解体へ議論始まる,ハムスター速報
2026-04-03,https://hamusoku.com/archives/10977566.html,スマホ禁止の家で育ったワイの末路ｗｗｗｗｗｗｗｗ,ハムスター速報
2026-04-03,https://hamusoku.com/archives/10982098.html,大手証券会社のアラフォー男性がうつ病になった結果,ハムスター速報
2026-04-02,https://alfalfalfa.com/articles/11025839.html,【悲報】やす子、エイプリルフールで激スベリしてしまう…,アルファルファモザイク
2026-04-02,https://alfalfalfa.com/articles/11025828.html,【画像】トラックの運ちゃん御用達食堂のランチ、レベチｗｗｗｗｗｗｗｗｗｗｗｗｗｗｗｗｗｗ,アルファルファモザイク
2026-04-02,https://alfalfalfa.com/articles/11025552.html,【画像】最近の60代さん、こんな感じらしい………【Pickup】,アルファルファモザイク
2026-04-02,https://alfalfalfa.com/articles/11025813.html,【激ヤバ】「平和丸」乗組員、事故後に辺野古土砂運搬のダンプ妨害をしていた…,アルファルファモザイク
